,X.1,X,heading1,heading2,heading3,name,stratum,is_superstratum,Year,FirstVisit,LastVisit,Strata,States,PlannedGrids,CompletedGrids,CompletedPoints,nBirdSpecies,nPriority,DensitySpeciesCount,DensityRobustCV,DensityPrioritySpecies,OccupancySpeciesCount,OccupancyRobustCV,OccupancyPrioritySpecies,LongStratum,hyperlink
1,1,1,U.S. Forest Service,Region 1,Region 1 National Forests,Region 1 National Forests: Total,USFS-Region 1 National Forests,TRUE,2022,2023-05-28,2023-07-15,29,3,134,132,1410,157,5,196,91,9,203,136,10,,http://www.rmbo.org/new_site/adc/QueryWindow.aspx#N4IgzgrgDgpgTmALnAhoiBbEAuABCAVQGUAxIgWgCUYBzASwHsA7XARlwDk1GmUAbXCQZwYSMCAC+QA=
2,2,2,U.S. Forest Service,Region 1,Region 1 National Forests,Beaverhead-Deerlodge National Forest,Beaverhead-Deerlodge National Forest,TRUE,2022,2023-06-05,2023-07-13,2,1,10,10,91,65,0,118,36,0,114,49,0,,http://www.rmbo.org/new_site/adc/QueryWindow.aspx#N4IgzgrgDgpgTmALnAhoiBbEAuABCAIRhQDd4ALYgEwFoARGeAGwHsqBzGXAOTQEsWAOxRNcAMRZwYSEAF8gA===
3,3,3,U.S. Forest Service,Region 1,Region 1 National Forests,Bitterroot National Forest,Bitterroot National Forest,TRUE,2022,2023-06-14,2023-07-15,3,2,10,10,104,65,2,104,35,2,112,60,2,,http://www.rmbo.org/new_site/adc/QueryWindow.aspx#N4IgzgrgDgpgTmALnAhoiBbEAuABCAIQEtFF44B7CxXAOTSIoDsUAbXAMQrhiRAF8gA=
4,4,4,U.S. Forest Service,Region 1,Region 1 National Forests,Clearwater National Forest,Clearwater National Forest,TRUE,2022,2023-06-20,2023-07-15,2,1,7,7,69,61,1,106,32,4,104,51,4,,http://www.rmbo.org/new_site/adc/QueryWindow.aspx#N4IgzgrgDgpgTmALnAhoiBbEAuABCAYQBsYU4B3NeXAOTQEsB7AOxSNwDFG4YkQBfIA=
5,5,5,U.S. Forest Service,Region 1,Region 1 National Forests,Custer National Forest,Custer National Forest,TRUE,2022,2023-06-14,2023-07-09,4,2,12,12,116,98,9,153,45,14,156,61,14,,http://www.rmbo.org/new_site/adc/QueryWindow.aspx#N4IgzgrgDgpgTmALnAhoiBbEAuABCAYQiXlwDk0BLAewDsUAbXAMWrhiRAF8g===
6,6,6,U.S. Forest Service,Region 1,Region 1 National Forests,Flathead National Forest,Flathead National Forest,TRUE,2022,2023-06-09,2023-07-06,2,1,8,7,83,60,1,109,27,3,110,54,3,,http://www.rmbo.org/new_site/adc/QueryWindow.aspx#N4IgzgrgDgpgTmALnAhoiBbEAuABCAMQBs0ALGFAE1wDk0BLAewDsUjcDG4YkQBfIA==
7,7,7,U.S. Forest Service,Region 1,Region 1 National Forests,Gallatin National Forest,Gallatin National Forest,TRUE,2022,2023-06-09,2023-07-12,2,1,8,7,61,64,1,119,31,3,117,38,3,,http://www.rmbo.org/new_site/adc/QueryWindow.aspx#N4IgzgrgDgpgTmALnAhoiBbEAuABCAcRQBti0BLAO1wDkKB7Sk3AMXrhiRAF8g==
8,8,8,U.S. Forest Service,Region 1,Region 1 National Forests,Helena National Forest,Helena National Forest,TRUE,2022,2023-05-31,2023-07-11,2,1,8,8,95,79,4,127,41,4,125,51,4,,http://www.rmbo.org/new_site/adc/QueryWindow.aspx#N4IgzgrgDgpgTmALnAhoiBbEAuABCACRgBsYA7FXAOTQEsB7C43AMXrhiRAF8g==
9,9,9,U.S. Forest Service,Region 1,Region 1 National Forests,Idaho Panhandle National Forest,Idaho Panhandle National Forest,TRUE,2022,2023-06-01,2023-07-05,2,1,15,15,145,81,7,118,47,8,116,56,8,,http://www.rmbo.org/new_site/adc/QueryWindow.aspx#N4IgzgrgDgpgTmALnAhoiBbEAuABCASQBMUALAe1wAUUA7UuogGxlwDk0BLc2lJ3AGLk4MJCAC+QA===
10,10,10,U.S. Forest Service,Region 1,Region 1 National Forests,Kootenai National Forest,Kootenai National Forest,TRUE,2022,2023-05-28,2023-07-12,3,2,27,27,317,98,6,130,54,8,136,68,8,,http://www.rmbo.org/new_site/adc/QueryWindow.aspx#N4IgzgrgDgpgTmALnAhoiBbEAuABCAaQHsjEYA7FAS1wDk0qjKAbXAMSLhiRAF8g
11,11,11,U.S. Forest Service,Region 1,Region 1 National Forests,Lewis and Clark National Forest,Lewis and Clark National Forest,TRUE,2022,2023-06-06,2023-07-10,3,1,12,12,152,78,2,125,36,5,126,41,5,,http://www.rmbo.org/new_site/adc/QueryWindow.aspx#N4IgzgrgDgpgTmALnAhoiBbEAuABCAGRgHcBLMXFAOwBNcBhAGxTgGtcA5NUgeypUa4AYjzgwkIAL5A=
12,12,12,U.S. Forest Service,Region 1,Region 1 National Forests,Lolo National Forest,Lolo National Forest,TRUE,2022,2023-05-30,2023-07-13,2,1,9,9,68,71,2,131,35,4,129,54,4,,http://www.rmbo.org/new_site/adc/QueryWindow.aspx#N4IgzgrgDgpgTmALnAhoiBbEAuABCAGQHsAbI3AOTQEsiA7FE3AMSLhiRAF8g===
13,13,13,U.S. Forest Service,Region 1,Region 1 National Forests,Nez Perce National Forest,Nez Perce National Forest,TRUE,2022,2023-06-21,2023-06-26,2,1,8,8,109,77,3,112,40,6,109,46,6,,http://www.rmbo.org/new_site/adc/QueryWindow.aspx#N4IgzgrgDgpgTmALnAhoiBbEAuABCAORgC9cAFeAYxlwLQEsB7AOxQBtcAxRuGJEAL5A
14,14,14,U.S. Forest Service,Region 1,Region 1 National Grasslands,Region 1 National Grasslands: Total,USFS-Region 1 National Grasslands,TRUE,2022,2023-06-05,2023-07-17,3,2,15,15,143,75,4,131,25,6,127,50,6,,http://www.rmbo.org/new_site/adc/QueryWindow.aspx#N4IgzgrgDgpgTmALnAhoiBbEAuABCAVQGUAxIgWgCUYBzASwHsA7XARlwDk1GmUAbXAHFUYMHxRMAJmBABfIA===
15,15,15,U.S. Forest Service,Region 1,Region 1 National Grasslands,Little Missouri National Grassland,ND-BCR17-MG,FALSE,2022,2023-06-07,2023-07-12,1,1,5,5,50,48,11,100,22,0,90,34,0,ND-BCR17-MG: Little Missouri National Grassland,http://www.rmbo.org/new_site/adc/QueryWindow.aspx#N4IgzgLgTghhCuBbEAuABCAcgEQLQCEBhAJQEYB2XAWQHF0AZASwggBsBTNKxsMAe3hRGaTHEZ8AdjFZoasXqxgSAJiAC+QA
16,16,16,U.S. Forest Service,Region 1,Region 1 National Grasslands,Cedar River National Grassland,ND-BCR17-RG,FALSE,2022,2023-06-07,2023-07-17,1,1,5,5,55,42,15,73,14,4,73,24,4,ND-BCR17-RG: Cedar River National Grassland,http://www.rmbo.org/new_site/adc/QueryWindow.aspx#N4IgzgLgTghhCuBbEAuABCAcgEQLQCEBhAJQEYB2XYgcXUIFMATGKNYgSwDd7XM52A9gDsYAGzTVYYMKJhDGIAL5A===
17,17,17,U.S. Forest Service,Region 1,Region 1 National Grasslands,Grand River National Grassland,SD-BCR17-RG,FALSE,2022,2023-06-05,2023-07-15,1,1,5,5,38,26,7,72,11,0,67,13,0,SD-BCR17-RG: Grand River National Grassland,http://www.rmbo.org/new_site/adc/QueryWindow.aspx#N4IgzgLgTghhCuBbEAuABCAygEQLQCEBhAJQEYB2XYgcXWtgDsATNYgSwDcBTKNAOThsA9gxgAbNPRhgwYmMxABfIA==
18,18,18,U.S. Forest Service,Region 2,Region 2 National Forests,Region 2 National Forests: Total,USFS-Region 2 National Forests,TRUE,2022,2023-05-25,2023-07-25,21,3,90,82,857,159,11,217,80,21,222,127,23,,http://www.rmbo.org/new_site/adc/QueryWindow.aspx#N4IgzgrgDgpgTmALnAhoiBbEAuABCAVQGUAxIgWgCUYBzASwHsA7XAJlwDk1GmUAbXCQZwYSMCAC+QA=
19,19,19,U.S. Forest Service,Region 2,Region 2 National Forests,Arapaho and Roosevelt National Forests,CO-BCR16-AR,FALSE,2022,2023-05-25,2023-07-19,1,1,15,13,126,73,8,103,30,7,101,34,7,CO-BCR16-AR: Arapaho and Roosevelt National Forests,http://www.rmbo.org/new_site/adc/QueryWindow.aspx#N4IgzgLgTghhCuBbEAuABCAwgeQLQCFMAlARgDZcBBI9S2ABxgAsB7NGAOwBM0iWWwAUwBuggDYQ0AOTgBLFhxhi0AMRZRBkMCAC+QA=
20,20,20,U.S. Forest Service,Region 2,Region 2 National Forests,Bighorn National Forest,WY-BCR10-BI,FALSE,2022,2023-07-13,2023-07-15,1,1,3,3,37,24,4,99,15,5,98,26,5,WY-BCR10-BI: Bighorn National Forest,http://www.rmbo.org/new_site/adc/QueryWindow.aspx#N4IgzgLgTghhCuBbEAuABCA6gTQLQCEBhAJQEYAGAgSXXwEsBzACwHsoA7NAOTjpfZgAbNADE2AU0ggAvkA=
21,21,21,U.S. Forest Service,Region 2,Region 2 National Forests,Black Hills National Forest,Black Hills National Forest,TRUE,2022,2023-06-20,2023-07-19,2,2,6,6,52,51,3,140,22,10,137,85,11,,http://www.rmbo.org/new_site/adc/QueryWindow.aspx#N4IgzgrgDgpgTmALnAhoiBbEAuABCAIQBsUBjAa1wAkBLIosXAOTRoHsA7FI3AMTbgwkIAL5A===
22,22,22,U.S. Forest Service,Region 2,Region 2 National Forests,"Grand Mesa, Uncompaghre and Gunnison National Forests",CO-BCR16-GM,FALSE,2022,2023-06-28,2023-07-20,1,1,5,4,39,47,2,105,27,7,105,40,7,CO-BCR16-GM: Grand Mesa; Uncompahgre and Gunnison National Forests,http://www.rmbo.org/new_site/adc/QueryWindow.aspx#N4IgzgLgTghhCuBbEAuABCAwgeQLQCFMAlARgDZcBxAWXUtgDsATNagUzBgG40BVBgMYB7RAAcYACwDmUNmhjM0leAwYBLMEIZoAcnDVaYAGzQAxIbMhgQAXyA==
23,23,23,U.S. Forest Service,Region 2,Region 2 National Forests,Medicine Bow National Forest,Medicine Bow National Forest,TRUE,2022,2023-06-16,2023-07-08,2,1,6,6,75,61,2,137,34,6,136,54,6,,http://www.rmbo.org/new_site/adc/QueryWindow.aspx#N4IgzgrgDgpgTmALnAhoiBbEAuABCAWRgBMBLAY1IDsZcAhAewHdcA5NUhqlAG1wDEGcGEhABfIA
24,24,24,U.S. Forest Service,Region 2,Region 2 National Forests,Nebraska National Forests,Nebraska National Forests,TRUE,2022,2023-05-31,2023-06-30,3,1,6,6,64,55,2,130,27,3,121,55,3,,http://www.rmbo.org/new_site/adc/QueryWindow.aspx#N4IgzgrgDgpgTmALnAhoiBbEAuABCAORgCNUwBrFXAtASwHsA7FAG1wDF64YkwQBfIA=
25,25,25,U.S. Forest Service,Region 2,Region 2 National Forests,Pike and San Isabel National Forests,CO-BCR16-PS,FALSE,2022,2023-07-06,2023-07-15,1,1,5,4,36,40,0,97,21,0,92,34,0,CO-BCR16-PS: Pike and San Isabel National Forests,http://www.rmbo.org/new_site/adc/QueryWindow.aspx#N4IgzgLgTghhCuBbEAuABCAwgeQLQCFMAlARgDZcAFAZXUoEsBrAUzRgDsATNajtASTAwARswA2aAHJx6Ae3YwJAMVlRmkMCAC+QA===
26,26,26,U.S. Forest Service,Region 2,Region 2 National Forests,Rio Grande National Forest,Rio Grande National Forest,TRUE,2022,2023-06-22,2023-07-19,3,1,12,11,118,79,5,133,42,6,129,66,6,,http://www.rmbo.org/new_site/adc/QueryWindow.aspx#N4IgzgrgDgpgTmALnAhoiBbEAuABCAJQEsB7XAcVQDsATGXAOTVKpQBtcAxEuGJEAL5A
27,27,27,U.S. Forest Service,Region 2,Region 2 National Forests,Routt National Forest,Routt National Forest,TRUE,2022,2023-06-26,2023-07-21,2,1,8,8,80,53,3,119,29,4,118,47,4,,http://www.rmbo.org/new_site/adc/QueryWindow.aspx#N4IgzgrgDgpgTmALnAhoiBbEAuABCAJQHsJFFcA5NASyIDsUAbXAMSLhiRAF8g==
28,28,28,U.S. Forest Service,Region 2,Region 2 National Forests,San Juan National Forest,CO-BCR16-SA,FALSE,2022,2023-06-27,2023-07-25,1,1,5,4,33,61,3,122,29,6,121,48,6,CO-BCR16-SA: San Juan National Forest,http://www.rmbo.org/new_site/adc/QueryWindow.aspx#N4IgzgLgTghhCuBbEAuABCAwgeQLQCFMAlARgDZcBlAQXUpgDs0ApeRtAOTgEsB7BmABs0AMV5QAppBABfIA
29,29,29,U.S. Forest Service,Region 2,Region 2 National Forests,Shoshone National Forest,Shoshone National Forest,TRUE,2022,2023-06-22,2023-07-20,2,1,9,9,126,73,5,141,39,6,144,45,6,,http://www.rmbo.org/new_site/adc/QueryWindow.aspx#N4IgzgrgDgpgTmALnAhoiBbEAuABCAZQAsB7MUgOxlwDk0BLEilAG1wDES4YkQBfIA==
30,30,30,U.S. Forest Service,Region 2,Region 2 National Forests,White River National Forest,White River National Forest,TRUE,2022,2023-06-22,2023-07-18,3,1,13,11,93,72,3,121,42,4,118,59,4,,http://www.rmbo.org/new_site/adc/QueryWindow.aspx#N4IgzgrgDgpgTmALnAhoiBbEAuABCAdQAsBLRGXAJRIDd5cA5NEgewDsUAbXAMRbhhIQAXyA
31,31,31,U.S. Forest Service,Region 2,Region 2 National Grasslands,Region 2 National Grasslands: Total,USFS-Region 2 National Grasslands,TRUE,2022,2023-05-17,2023-07-01,8,5,29,29,353,102,11,176,43,21,182,63,22,,http://www.rmbo.org/new_site/adc/QueryWindow.aspx#N4IgzgrgDgpgTmALnAhoiBbEAuABCAVQGUAxIgWgCUYBzASwHsA7XAJlwDk1GmUAbXAHFUYMHxRMAJmBABfIA===
32,32,32,U.S. Forest Service,Region 2,Region 2 National Grasslands,"Nebraska National Grasslands (Buffalo Gap, Fort Pierre and Oglala)",Nebraska National Grasslands,TRUE,2022,2023-05-26,2023-07-01,4,2,8,8,99,56,5,138,15,15,135,39,15,,http://www.rmbo.org/new_site/adc/QueryWindow.aspx#N4IgzgrgDgpgTmALnAhoiBbEAuABCAORgCNUwBrFXAtASwHsA7FAG1wHEywWVGATMCAC+QA=
33,33,33,U.S. Forest Service,Region 2,Region 2 National Grasslands,Cimarron National Grassland,KS-BCR18-CM,FALSE,2022,2023-05-26,2023-05-28,1,1,2,2,18,25,9,42,6,2,40,9,2,KS-BCR18-CM: Cimarron National Grassland,http://www.rmbo.org/new_site/adc/QueryWindow.aspx#N4IgzgLgTghhCuBbEAuABCA0gZQLQCEBhAJQEYAOXQgWXUIEtEYooB7AOzQDk56OYANmgDisMGAEx2AExABfIA==
34,34,34,U.S. Forest Service,Region 2,Region 2 National Grasslands,Comanche National Grassland,CO-BCR18-CO,FALSE,2022,2023-05-25,2023-05-28,1,1,5,5,45,37,9,94,18,2,92,19,2,CO-BCR18-CO: Comanche National Grassland,http://www.rmbo.org/new_site/adc/QueryWindow.aspx#N4IgzgLgTghhCuBbEAuABCAwgeQLQCFMAlARgA5cd1MB7RGAOwGMALAUzQDk4BLGhmABs0AcVhgwgxgBMQAXyA==
35,35,35,U.S. Forest Service,Region 2,Region 2 National Grasslands,Public Lands on Pawnee National Grassland,CO-BCR18-PG,FALSE,2022,2023-05-17,2023-06-02,1,1,8,8,111,29,10,41,10,2,35,9,2,CO-BCR18-PG: Pawnee National Grassland - Public Lands,http://www.rmbo.org/new_site/adc/QueryWindow.aspx#N4IgzgLgTghhCuBbEAuABCAwgeQLQCFMAlARgA5cAFAcXUpgHcA7AUxbQDk4BLAeyZgAbNNVhgwgmEwAmaXGkrwARoO4BjNABkp0sCAC+QA=
36,36,36,U.S. Forest Service,Region 2,Region 2 National Grasslands,Thunder Basin National Grassland,WY-BCR17-TB,FALSE,2022,2023-05-26,2023-06-04,1,1,6,6,80,53,19,104,20,2,106,26,2,WY-BCR17-TB: Thunder Basin National Grassland,http://www.rmbo.org/new_site/adc/QueryWindow.aspx#N4IgzgLgTghhCuBbEAuABCA6gTQLQCEBhAJQEYB2XAFX3SoAt4A7AEwFMo18YwBLJtADk4vAPZMYAGzQBxWGDCSYrEAF8gA=
37,37,37,U.S. Forest Service,Region 3,Region 3 National Forests,Coronado National Forest,Coronado National Forest,TRUE,2022,2023-05-02,2023-05-28,2,1,20,18,162,123,27,124,61,27,126,69,27,,http://www.rmbo.org/new_site/adc/QueryWindow.aspx#N4IgzgrgDgpgTmALnAhoiBbEAuABCAYQHs4iA7FAEyNwDk0BLclAG1wDESYkQBfIA===
38,38,38,U.S. Forest Service,Region 3,Region 3 National Forests,Kaibab National Forest,Kaibab National Forest,TRUE,2022,2023-05-05,2023-07-09,2,1,80,62,655,112,3,130,65,3,130,77,3,,http://www.rmbo.org/new_site/adc/QueryWindow.aspx#N4IgzgrgDgpgTmALnAhoiBbEAuABCAaRQEsAjFU3AOTWIHsA7FAG1wDE64YkQBfIA===
39,39,39,U.S. Forest Service,Region 4,Region 4 National Forests,Region 4 National Forest Total,USFS-Region 4 National Forests,TRUE,2022,2023-05-08,2023-07-20,36,6,143,147,1556,170,6,200,96,8,209,141,8,,http://www.rmbo.org/new_site/adc/QueryWindow.aspx#N4IgzgrgDgpgTmALnAhoiBbEAuABCAVQGUAxIgWgCUYBzASwHsA7XAFlwDk1GmUAbXCQZwYSMCAC+QA=
40,40,40,U.S. Forest Service,Region 4,Region 4 National Forests,Ashley National Forest,Ashley National Forest,TRUE,2022,2023-05-23,2023-07-14,3,2,10,10,103,57,4,118,24,7,117,34,8,,http://www.rmbo.org/new_site/adc/QueryWindow.aspx#N4IgzgrgDgpgTmALnAhoiBbEAuABCAQTAAsAbGAT1wDk0BLAewDsVTcAxBuGJEAXyA==
41,41,41,U.S. Forest Service,Region 4,Region 4 National Forests,Boise National Forest,Boise National Forest,TRUE,2022,2023-06-23,2023-07-10,2,1,10,12,124,75,3,111,43,7,107,51,6,,http://www.rmbo.org/new_site/adc/QueryWindow.aspx#N4IgzgrgDgpgTmALnAhoiBbEAuABCAIQHsBLMGXAOTRKIDsUAbXAMSLhiRAF8g==
42,42,42,U.S. Forest Service,Region 4,Region 4 National Forests,Bridger-Teton National Forest,Bridger-Teton National Forest,TRUE,2022,2023-07-06,2023-07-20,2,1,9,9,134,77,0,129,39,5,125,47,5,,http://www.rmbo.org/new_site/adc/QueryWindow.aspx#N4IgzgrgDgpgTmALnAhoiBbEAuABCAITgEsATAc3gFoAVGRAewDtcA5NY5lAG1wDEGcGEhABfIA=
43,43,43,U.S. Forest Service,Region 4,Region 4 National Forests,Caribou-Targhee National Forest,Caribou-Targhee National Forest,TRUE,2022,2023-06-06,2023-07-18,6,3,13,13,147,91,1,151,38,3,149,67,3,,http://www.rmbo.org/new_site/adc/QueryWindow.aspx#N4IgzgrgDgpgTmALnAhoiBbEAuABCAYRTgEsAjAewgFoAVYgcwAsYZcA5NEigOxQBtcAMQpwYSEAF8gA
44,44,44,U.S. Forest Service,Region 4,Region 4 National Forests,Dixie National Forest,Dixie National Forest,TRUE,2022,2023-05-08,2023-06-11,2,1,10,10,105,74,0,111,46,0,108,58,0,,http://www.rmbo.org/new_site/adc/QueryWindow.aspx#N4IgzgrgDgpgTmALnAhoiBbEAuABCAEQEsAPImXAOTSIHsA7FAG1wDFa4YkQBfIA
45,45,45,U.S. Forest Service,Region 4,Region 4 National Forests,Fishlake National Forest,Fishlake National Forest,TRUE,2022,2023-05-27,2023-07-01,2,1,10,10,115,68,0,107,40,0,104,43,0,,http://www.rmbo.org/new_site/adc/QueryWindow.aspx#N4IgzgrgDgpgTmALnAhoiBbEAuABCAMQEswALAGxQGsZcA5NIgewDsVzcCm4YkQBfIA=
46,46,46,U.S. Forest Service,Region 4,Region 4 National Forests,Humboldt-Toiyabe National Forest,Humboldt-Toiyabe National Forest,TRUE,2022,2023-05-22,2023-07-06,5,2,19,21,173,99,3,128,44,5,128,59,6,,http://www.rmbo.org/new_site/adc/QueryWindow.aspx#N4IgzgrgDgpgTmALnAhoiBbEAuABCACUwCMB7AGwBNEBaAFVIEsBPFYmXAOTUdIDsU5XADFScGEhABfIA===
47,47,47,U.S. Forest Service,Region 4,Region 4 National Forests,Manti-La Sal National Forest,Manti-La Sal National Forest,TRUE,2022,2023-06-01,2023-07-10,3,2,14,14,148,86,2,144,47,4,141,53,4,,http://www.rmbo.org/new_site/adc/QueryWindow.aspx#N4IgzgrgDgpgTmALnAhoiBbEAuABCAWRQDtEBLAWgBkVcBlFAG1wDk0yB7Yp3AMQ7gwkIAL5A===
48,48,48,U.S. Forest Service,Region 4,Region 4 National Forests,Payette National Forest,ID-BCR10-PA,FALSE,2022,2023-06-22,2023-07-06,1,1,10,10,101,77,7,108,41,7,106,46,7,ID-BCR10-PA: Payette National Forest,http://www.rmbo.org/new_site/adc/QueryWindow.aspx#N4IgzgLgTghhCuBbEAuABCAkgEQLQCEBhAJQEYAGXABQEF0qYBPAUwgmbQDk4BLAewB2MADZoAYnyjNIIAL5A===
49,49,49,U.S. Forest Service,Region 4,Region 4 National Forests,Salmon-Challis National Forest,Salmon-Challis National Forest,TRUE,2022,2023-06-11,2023-06-26,2,1,11,11,122,76,6,115,37,7,113,48,8,,http://www.rmbo.org/new_site/adc/QueryWindow.aspx#N4IgzgrgDgpgTmALnAhoiBbEAuABCAZRQBsMB7AOwFoBhACxOIEsxcA5NJyk3AMTLgwkIAL5A===
50,50,50,U.S. Forest Service,Region 4,Region 4 National Forests,Sawtooth National Forest,Sawtooth National Forest,TRUE,2022,2023-06-05,2023-07-06,3,2,12,12,138,94,2,126,46,3,122,56,3,,http://www.rmbo.org/new_site/adc/QueryWindow.aspx#N4IgzgrgDgpgTmALnAhoiBbEAuABCAZRQHdEB7MxAC1wDk0BLMgOxQBtcAxMuGJEAL5A
51,51,51,U.S. Forest Service,Region 4,Region 4 National Forests,Uinta-Wasatch-Cache National Forest,Uinta-Wasatch-Cache National Forest,TRUE,2022,2023-05-26,2023-07-15,5,2,15,15,146,79,0,120,28,1,120,39,1,,http://www.rmbo.org/new_site/adc/QueryWindow.aspx#N4IgzgrgDgpgTmALnAhoiBbEAuABCAVQEsA7RFAWgHUUw0BjACwoGEUmZcA5NIgexIoANrgBifODCQgAvkA=
52,52,52,U.S. Forest Service,Region 4,Region 4 National Grasslands,Curlew National Grassland,ID-BCR9-CU,FALSE,2022,2023-05-31,2023-06-04,1,1,5,5,64,49,9,76,12,0,75,20,0,ID-BCR9-CU: Curlew National Grassland,http://www.rmbo.org/new_site/adc/QueryWindow.aspx#N4IgzgLgTghhCuBbEAuABCAkgEQLQCEBhAJQE5dCBVdQ+KAGwFMB3NAOTgEsB7AOxnpoA4rDBh6MXgBMQAXyA===
53,53,53,Bureau of Land Management,BLM California,BLM California BCR 9,California BCR9 BLM,CA-BCR9 BLM,TRUE,2022,2023-06-01,2023-06-25,4,1,14,13,104,47,0,82,18,0,78,19,0,,http://www.rmbo.org/new_site/adc/QueryWindow.aspx#N4IgzgrgDgpgTmALnAhoiBbEAuABCAYQEEBaAIQICUBOXMgGQFkQBfIA
54,54,54,Bureau of Land Management,BLM California,BLM California BCR 9,Carson City District,CA-BCR9-CC,FALSE,2022,2023-06-06,2023-06-25,1,1,3,3,27,33,0,42,13,0,41,13,0,CA-BCR9-CC: Bureau of Land Management - Carson City District,http://www.rmbo.org/new_site/adc/QueryWindow.aspx#N4IgzgLgTghhCuBbEAuABCAwgQQLQCFMAlATl003X3igFMZ40B7AMzQBkYA7AEzQFluMAOa1EtLhDS40mGFDBMusgJYQAnmgAiKyFBUBjCCAC+QA
55,55,55,Bureau of Land Management,BLM California,BLM California BCR 9,California Desert District,CA-BCR9-CD,FALSE,2022,2023-06-02,2023-06-02,1,1,3,2,6,5,0,34,1,0,33,1,0,CA-BCR9-CD: Bureau of Land Management - California Desert District,http://www.rmbo.org/new_site/adc/QueryWindow.aspx#N4IgzgLgTghhCuBbEAuABCAwgQQLQCFMAlATl0wBF194oBTGeNAewDM0AZGAOwBM0AsjxgBzOojrcIaXGkwwANgEtWzKNyUw0FOmDpRpFJZChKAxhBABfIA=
56,56,56,Bureau of Land Management,BLM California,BLM California BCR 9,Central California District,CA-BCR9-CN,FALSE,2022,2023-06-01,2023-06-17,1,1,4,4,34,13,0,35,5,1,32,5,1,CA-BCR9-CN: Bureau of Land Management - Central California District,http://www.rmbo.org/new_site/adc/QueryWindow.aspx#N4IgzgLgTghhCuBbEAuABCAwgQQLQCFMAlATl0wDl194oBTGeNAewDM0AZGAOwBM0AsjxgBzOojrcIaXGkyToMADZzlAS1bMo3NTDQARNZChqAxhBABfIA==
57,57,57,Bureau of Land Management,BLM California,BLM California BCR 9,Northern California District,CA-BCR9-NC,FALSE,2022,2023-06-19,2023-06-21,1,1,4,4,37,30,0,59,15,2,57,14,2,CA-BCR9-NC: Bureau of Land Management - Northern California District,http://www.rmbo.org/new_site/adc/QueryWindow.aspx#N4IgzgLgTghhCuBbEAuABCAwgQQLQCFMAlATlwDlN194oBTGeNAewDM0AZGAOwBM0AsjxgBzOojrcIaXGnLMoEABZ0o3NJhgAbAJasF3HTDQARHZCg6AxhBABfIA
58,58,58,Bureau of Land Management,BLM Colorado,BLM in Colorado: Total,BLM in Colorado: Total,CO-BLM,TRUE,2022,2023-05-18,2023-07-11,2,1,33,32,391,104,4,157,58,8,164,75,8,,http://www.rmbo.org/new_site/adc/QueryWindow.aspx#N4IgzgrgDgpgTmALnAhoiBbEAuABCAYQHkBaAIQBkBZEAXyA
59,59,59,Bureau of Land Management,BLM Colorado,BLM in Colorado BCR 10,BLM in Colorado BCR 10,CO-BCR10-BL,FALSE,2022,2023-05-18,2023-06-12,1,1,9,9,127,50,12,107,22,6,101,30,6,CO-BCR10-BL: Bureau of Land Management,http://www.rmbo.org/new_site/adc/QueryWindow.aspx#N4IgzgLgTghhCuBbEAuABCAwgeQLQCFMAlARgAYCAZdfeKAUxnjQHsAzNSmAOwBM0AsjxgBzeonrcIIAL5A=
60,60,60,Bureau of Land Management,BLM Colorado,BLM in Colorado BCR 16,BLM in Colorado BCR 16,CO-BCR16-BL,FALSE,2022,2023-05-18,2023-07-11,1,1,24,23,264,97,9,160,56,6,156,73,6,CO-BCR16-BL: Bureau of Land Management,http://www.rmbo.org/new_site/adc/QueryWindow.aspx#N4IgzgLgTghhCuBbEAuABCAwgeQLQCFMAlARgDYCAZdfeKAUxnjQHsAzNSmAOwBM0AsjxgBzeonrcIIAL5A=
61,61,61,Bureau of Land Management,BLM Idaho,Bruneau Field Office,Bruneau Field Office,ID-BCR9-BR,FALSE,2022,2023-06-10,2023-06-18,1,1,0,3,48,43,5,96,16,10,87,16,9,ID-BCR9-BR: Bureau of Land Management - Bruneau Field Office,http://www.rmbo.org/new_site/adc/QueryWindow.aspx#N4IgzgLgTghhCuBbEAuABCAkgEQLQCEBhAJQE4Dj194oBTGeNAewDM0AZGAOwBM0BZbjADmtRLS4Q0uNPijwu9RgDEAlrQA2fAPIsWqgMa0QAXyA
62,62,62,Bureau of Land Management,BLM Idaho,Burley Field Office,Burley Field Office,ID-BCR9-BU,FALSE,2022,2023-06-24,2023-06-30,1,1,3,3,35,15,1,72,8,14,71,13,14,ID-BCR9-BU: Bureau of Land Management - Burley Field Office,http://www.rmbo.org/new_site/adc/QueryWindow.aspx#N4IgzgLgTghhCuBbEAuABCAkgEQLQCEBhAJQE4CBVdfeKAUxnjQHsAzNAGRgDsATNALI8YAczqI63CGlxoaUADZ0AnmgBiASzoL+AeVasNAYzogAvkA=
63,63,63,Bureau of Land Management,BLM Idaho,Owyhee Field Office,Owyhee Field Office,ID-BCR9-OW,FALSE,2022,2023-05-28,2023-06-21,1,1,3,3,47,34,3,88,16,11,85,20,11,ID-BCR9-OW: Bureau of Land Management - Owyhee Field Office,http://www.rmbo.org/new_site/adc/QueryWindow.aspx#N4IgzgLgTghhCuBbEAuABCAkgEQLQCEBhAJQE5cB5AdXX3igFMZ40B7AMzQBkYA7AEzQBZPjADmDRA14Q0uNBQDuATwAWDBmgBiASwYAbQRXbsdAYwYgAvkA
64,64,64,Bureau of Land Management,BLM Montana,BLM in Montana: Total,BLM in Montana: Total,MT-BLM,TRUE,2022,2023-05-28,2023-07-03,5,1,35,35,473,140,17,178,63,18,180,93,19,,http://www.rmbo.org/new_site/adc/QueryWindow.aspx#N4IgzgrgDgpgTmALnAhoiBbEAuABCAWQBUBaAIQBkCQBfIA=
65,65,65,Bureau of Land Management,BLM Montana,BLM in Montana BCR 10,BLM in Montana BCR 10,MT-BCR10-BLM,TRUE,2022,2023-05-28,2023-06-08,2,1,7,7,75,89,5,135,41,7,134,50,8,,http://www.rmbo.org/new_site/adc/QueryWindow.aspx#N4IgzgrgDgpgTmALnAhoiBbEAuABCAWQBUBaAIQGEAlARgAZyAZAkAXyA===
66,66,66,Bureau of Land Management,BLM Montana,BLM in Montana BCR 11,BLM in Montana BCR 11,MT-BCR11-BLM,TRUE,2022,2023-05-29,2023-07-03,2,1,18,18,252,82,14,108,29,14,107,42,14,,http://www.rmbo.org/new_site/adc/QueryWindow.aspx#N4IgzgrgDgpgTmALnAhoiBbEAuABCAWQBUBaAIQGEAlARhvIBkCQBfIA
67,67,67,Bureau of Land Management,BLM Montana,BLM in Montana BCR 17,BLM in Montana BCR 17,MT-BCR17-BL,FALSE,2022,2023-06-01,2023-06-26,1,1,10,10,146,59,14,106,23,12,105,28,12,MT-BCR17-BL: Bureau of Land Management,http://www.rmbo.org/new_site/adc/QueryWindow.aspx#N4IgzgLgTghhCuBbEAuABCAsgFQLQCEBhAJQEYB2AgGXX3igFMZ40B7AMzSpgDsATNJl4wA5g0QMeEEAF8gA
68,68,68,Bureau of Land Management,BLM Nevada,BLM Nevada in BCR 9,BLM in  Nevada BCR 9,NV-BCR9 BLM,TRUE,2022,2023-05-22,2023-07-04,7,1,74,73,709,73,0,102,35,0,102,41,0,,http://www.rmbo.org/new_site/adc/QueryWindow.aspx#N4IgzgrgDgpgTmALnAhoiBbEAuABCAOQDUBaAIQGEAlATlzIBkBZEAXyA===
69,69,69,Bureau of Land Management,BLM Nevada,BLM Nevada in BCR 9,Battle Mountain District,NV-BCR9-BM,FALSE,2022,2023-06-03,2023-07-03,1,1,15,14,141,36,0,55,16,7,51,5,7,NV-BCR9-BM: Bureau of Land Management - Battle Mountain District,http://www.rmbo.org/new_site/adc/QueryWindow.aspx#N4IgzgLgTghhCuBbEAuABCAcgNQLQCEBhAJQE4CBZdfeKAUxnjQHsAzNAGRgDsATNCjxgBzOojrcIaXGnxwIAGzoDm8STACW3NABENkKBoDGEEAF8gA=
70,70,70,Bureau of Land Management,BLM Nevada,BLM Nevada in BCR 9,Carson City District,NV-BCR9-CC,FALSE,2022,2023-05-31,2023-06-15,1,1,8,8,91,29,0,50,8,6,46,8,6,NV-BCR9-CC: Bureau of Land Management - Carson City District,http://www.rmbo.org/new_site/adc/QueryWindow.aspx#N4IgzgLgTghhCuBbEAuABCAcgNQLQCEBhAJQE5dDD194oBTGeNAewDM0AZGAOwBM0AsjxgBzOojrcIaXGkIwoYZtzkBLCAE80AEVWQoqgMYQQAXyA===
71,71,71,Bureau of Land Management,BLM Nevada,BLM Nevada in BCR 9,"Elko, Twin Falls, and Boise Districts",NV-BCR9-EK,FALSE,2022,2023-06-14,2023-07-03,1,1,14,14,141,34,0,41,12,5,39,11,5,"NV-BCR9-EK: Bureau of Land Management - Elko, Twin Falls, and Boise Districts",http://www.rmbo.org/new_site/adc/QueryWindow.aspx#N4IgzgLgTghhCuBbEAuABCAcgNQLQCEBhAJQE5cBRAaXX3igFMZ40B7AMzQBkYA7AEzQBZPjADmDRA14Q0uNBQA2Aa1YAaNABUA7gEteaAGIxFisBr6D8rXWAZoAIrei6AxhDAgAvkA=
72,72,72,Bureau of Land Management,BLM Nevada,BLM Nevada in BCR 9,Ely District,NV-BCR9-EY,FALSE,2022,2023-05-22,2023-07-04,1,1,15,15,140,45,0,63,19,5,61,16,4,NV-BCR9-EY: Bureau of Land Management - Ely District,http://www.rmbo.org/new_site/adc/QueryWindow.aspx#N4IgzgLgTghhCuBbEAuABCAcgNQLQCEBhAJQE5cBRATXX3igFMZ40B7AMzQBkYA7AEzQBZPjADmDRA14Q0uNBQA2ATzQARAJaQoGgMYQQAXyA===
73,73,73,Bureau of Land Management,BLM Nevada,BLM Nevada in BCR 9,Northern California District,NV-BCR9-NC,FALSE,2022,2023-06-27,2023-06-29,1,1,4,4,40,20,0,43,7,5,42,7,5,NV-BCR9-NC: Bureau of Land Management - Northern California District,http://www.rmbo.org/new_site/adc/QueryWindow.aspx#N4IgzgLgTghhCuBbEAuABCAcgNQLQCEBhAJQE5dND194oBTGeNAewDM0AZGAOwBM0AsjxgBzOojrcIaXGkzMoEABZ0o3NIRgAbAJasF3HTDQARHZCg6AxhBABfIA
74,74,74,Bureau of Land Management,BLM Nevada,BLM Nevada in BCR 9,Southern Nevada District,NV-BCR9-SN,FALSE,2022,2023-05-22,2023-05-22,1,1,3,3,14,3,0,22,2,2,20,5,2,NV-BCR9-SN: Bureau of Land Management - Southern Nevada District,http://www.rmbo.org/new_site/adc/QueryWindow.aspx#N4IgzgLgTghhCuBbEAuABCAcgNQLQCEBhAJQE5cBlTdfeKAUxnjQHsAzNAGRgDsATNAFleMAOb1E9HhDS40FFvAgALelB5pM9AG4w+MNABEAlpCjGAxhBABfIA==
75,75,75,Bureau of Land Management,BLM Nevada,BLM Nevada in BCR 9,Winnemucca District,NV-BCR9-WI,FALSE,2022,2023-06-19,2023-07-03,1,1,15,15,142,33,0,52,12,8,54,11,9,NV-BCR9-WI: Bureau of Land Management - Winnemucca District,http://www.rmbo.org/new_site/adc/QueryWindow.aspx#N4IgzgLgTghhCuBbEAuABCAcgNQLQCEBhAJQE5cB1ASXX3igFMZ40B7AMzQBkYA7AEzQBZPjADmDRA14Q0uNBQCWvXpPgBjdTDQARRZCiL1EEAF8gA==
76,76,76,Bureau of Land Management,BLM Oregon,BLM Oregon in BCR 9,BLM in Oregon BCR 9,OR-BCR9 BLM,TRUE,2022,2023-05-17,2023-06-29,4,1,32,32,421,70,0,116,27,0,113,33,0,,http://www.rmbo.org/new_site/adc/QueryWindow.aspx#N4IgzgrgDgpgTmALnAhoiBbEAuABCAeQCUBaAIQGEiBOXMgGQFkQBfIA
77,77,77,Bureau of Land Management,BLM Oregon,BLM Oregon in BCR 9,Burns District: BCR9,OR-BCR9-BU,FALSE,2022,2023-05-31,2023-06-14,1,1,8,8,112,38,0,78,16,1,74,12,1,OR-BCR9-BU: Bureau of Land Management - Burns District,http://www.rmbo.org/new_site/adc/QueryWindow.aspx#N4IgzgLgTghhCuBbEAuABCA8gJQLQCEBhbATgIFV194oBTGeNAewDM0AZGAOwBM0BZbjADmtRLS4Q0uNNShcwaACIBLSFBUBjCCAC+QA
78,78,78,Bureau of Land Management,BLM Oregon,BLM Oregon in BCR 9,Lakeview and Medford Districts: BCR9,OR-BCR9-LA,FALSE,2022,2023-05-17,2023-05-20,1,1,8,8,105,33,0,64,11,3,63,12,2,OR-BCR9-LA: Bureau of Land Management - Lakeview and Medford Districts,http://www.rmbo.org/new_site/adc/QueryWindow.aspx#N4IgzgLgTghhCuBbEAuABCA8gJQLQCEBhbATlwBkBBdfeKAUxnjQHsAzNcmAOwBM0AsjxgBzeonrcIaXJxgBregDcAlvQDuaHvwH1ebFlH4ARFZCgqAxhDAgAvkA
79,79,79,Bureau of Land Management,BLM Oregon,BLM Oregon in BCR 9,Prineville District: BCR9,OR-BCR9-PR,FALSE,2022,2023-05-23,2023-05-27,1,1,8,8,112,46,1,79,22,2,77,24,2,OR-BCR9-PR: Bureau of Land Management - Prineville District,http://www.rmbo.org/new_site/adc/QueryWindow.aspx#N4IgzgLgTghhCuBbEAuABCA8gJQLQCEBhbATlwAVt194oBTGeNAewDM0AZGAOwBM0AsjxgBzOojrcIaXGnJQAltzoA3BQBt1dNABEFkRQGMIIAL5A===
80,80,80,Bureau of Land Management,BLM Oregon,BLM Oregon in BCR 9,Vale District: BCR9,OR-BCR9-VA,FALSE,2022,2023-06-15,2023-06-29,1,1,8,8,92,23,1,38,12,1,37,13,1,OR-BCR9-VA: Bureau of Land Management - Vale District,http://www.rmbo.org/new_site/adc/QueryWindow.aspx#N4IgzgLgTghhCuBbEAuABCA8gJQLQCEBhbATlwDUBBdfeKAUxnjQHsAzNAGRgDsATNAFleMAOb1E9HhDS405GABt6aACIBLSFHUBjCCAC+QA
81,81,81,Bureau of Land Management,BLM Oregon,BLM Oregon in BCR 10,BLM in Oregon BCR 10,OR-BCR10 BLM,TRUE,2022,2023-05-25,2023-06-30,3,1,24,24,293,75,0,101,42,2,96,49,2,,http://www.rmbo.org/new_site/adc/QueryWindow.aspx#N4IgzgrgDgpgTmALnAhoiBbEAuABCAeQCUBaAIQGEiBGABlzIBkBZEAXyA==
82,82,82,Bureau of Land Management,BLM Oregon,BLM Oregon in BCR 10,Burns District: BCR10,OR-BCR10-BU,FALSE,2022,2023-06-01,2023-06-16,1,1,8,8,97,53,0,74,28,0,70,30,0,OR-BCR10-BU: Bureau of Land Management- Burns District,http://www.rmbo.org/new_site/adc/QueryWindow.aspx#N4IgzgLgTghhCuBbEAuABCA8gJQLQCEBhbARgAYCBVdfeKAUxnjQHsAzNAGRgDsATNAFleMAOb1E9HhFxpaUHmDQARAJaQoqgMYQQAXyA===
83,83,83,Bureau of Land Management,BLM Oregon,BLM Oregon in BCR 10,Prineville District: BCR10,OR-BCR10-PR,FALSE,2022,2023-05-25,2023-06-21,1,1,8,8,100,57,0,77,25,2,72,25,2,OR-BCR10-PR:Bureau of Land Management- Prineville District,http://www.rmbo.org/new_site/adc/QueryWindow.aspx#N4IgzgLgTghhCuBbEAuABCA8gJQLQCEBhbARgAZcAFbFfeKAUxnjQHsAzNAGRgDsATNAFk+MAOYNEDXhFxpKUAJa8GAN0UAbDQzQARRZCUBjCCAC+QA=
84,84,84,Bureau of Land Management,BLM Oregon,BLM Oregon in BCR 10,Vale District: BCR10,OR-BCR10-VA,FALSE,2022,2023-06-16,2023-06-30,1,1,8,8,96,42,0,55,25,0,50,22,0,OR-BCR10-VA:Bureau of Land Management- Vale District,http://www.rmbo.org/new_site/adc/QueryWindow.aspx#N4IgzgLgTghhCuBbEAuABCA8gJQLQCEBhbARgAZcA1AQRX3igFMZ40B7AMzQBkYA7ACZoAsvxgBzRokZ8IuNJRgAbRmgAiAS0hQNAYwggAvkA===
85,85,85,Bureau of Land Management,BLM North Dakota,BLM in North Dakota BCR 17,BLM in North Dakota BCR 17,ND-BCR17-BM,FALSE,2022,2023-06-19,2023-07-13,1,1,6,6,80,69,19,108,25,4,105,35,4,ND-BCR17-BM: Bureau of Land Management,http://www.rmbo.org/new_site/adc/QueryWindow.aspx#N4IgzgLgTghhCuBbEAuABCAcgEQLQCEBhAJQEYB2AgWXX3igFMZ40B7AMzQBkYA7AEzRU+MAOYNEDXhBABfIA===
86,86,86,Bureau of Land Management,BLM South Dakota,BLM in South Dakota BCR 17,BLM in South Dakota BCR 17,SD-BCR17-BM,FALSE,2022,2023-05-30,2023-07-16,1,1,7,7,79,79,14,137,34,16,132,30,16,SD-BCR17-BM: Bureau of Land Management,http://www.rmbo.org/new_site/adc/QueryWindow.aspx#N4IgzgLgTghhCuBbEAuABCAygEQLQCEBhAJQEYB2AgWXX3igFMZ40B7AMzQBkYA7AEzRU+MAOYNEDXhBABfIA===
87,87,87,Bureau of Land Management,BLM Utah,BLM in Utah: Total,BLM in Utah: Total,UT-BLM,TRUE,2022,2023-05-07,2023-07-14,19,1,56,56,661,114,18,152,48,26,154,86,26,,http://www.rmbo.org/new_site/adc/QueryWindow.aspx#N4IgzgrgDgpgTmALnAhoiBbEAuABCAVQBUBaAIQBkBZEAXyA
88,88,88,Bureau of Land Management,BLM Utah,BLM in Utah BCR 9,BLM in Utah BCR 9,UT-BCR9 BLM,TRUE,2022,2023-05-09,2023-06-27,5,1,18,18,224,59,12,130,22,24,125,34,22,,http://www.rmbo.org/new_site/adc/QueryWindow.aspx#N4IgzgrgDgpgTmALnAhoiBbEAuABCAVQBUBaAIQGEAlATlzIBkBZEAXyA===
89,89,89,Bureau of Land Management,BLM Utah,BLM in Utah BCR 10,BLM in Utah BCR 10,UT-BCR10 BLM,TRUE,2022,2023-05-22,2023-07-14,2,1,5,5,54,37,7,60,14,10,74,23,12,,http://www.rmbo.org/new_site/adc/QueryWindow.aspx#N4IgzgrgDgpgTmALnAhoiBbEAuABCAVQBUBaAIQGEAlARgAZcyAZAWRAF8g=
90,90,90,Bureau of Land Management,BLM Utah,BLM in Utah BCR 16,BLM in Utah BCR 16,UT-BCR16 BLM,TRUE,2022,2023-05-07,2023-07-09,11,1,31,31,357,92,11,134,42,19,131,68,19,,http://www.rmbo.org/new_site/adc/QueryWindow.aspx#N4IgzgrgDgpgTmALnAhoiBbEAuABCAVQBUBaAIQGEAlARgDZcyAZAWRAF8g=
91,91,91,Bureau of Land Management,BLM Utah,Cedar City Field Office,Cedar City Field Office,UT-BLM - Cedar City Field Office,TRUE,2022,2023-05-07,2023-06-12,2,1,6,6,73,44,8,97,18,14,95,22,13,,http://www.rmbo.org/new_site/adc/QueryWindow.aspx#N4IgzgrgDgpgTmALnAhoiBbEAuABCAVQBUBaAIQBkBZXE3AYRgBMU4GBLRAT1wDF2YAGya4A8gDNx7AMYwQAXyA=
92,92,92,Bureau of Land Management,BLM Utah,Fillmore Field Office,Fillmore Field Office,UT-BLM - Fillmore Field Office,TRUE,2022,2023-05-09,2023-05-16,2,1,7,7,93,40,9,79,12,13,78,13,12,,http://www.rmbo.org/new_site/adc/QueryWindow.aspx#N4IgzgrgDgpgTmALnAhoiBbEAuABCAVQBUBaAIQBkBZXE3AMQEsAbZjAezhgcZmYBNcAeQBmIxgGMYIAL5A=
93,93,93,Bureau of Land Management,BLM Utah,Kanab Field Office,Kanab Field Office,UT-BCR16-KA,FALSE,2022,2023-05-09,2023-06-07,1,1,4,4,47,32,7,76,11,11,74,18,11,UT-BCR16-KA: Bureau of Land Management - Kanab Field Office,http://www.rmbo.org/new_site/adc/QueryWindow.aspx#N4IgzgLgTghhCuBbEAuABCAqgFQLQCEBhAJQEYA2XAaQEF194oBTGeNAewDM0AZGAOwAmaALICYAcyaIm/CGlxoq4gEZoAYgEsmAG2EB5Tp00BjJiAC+QA==
94,94,94,Bureau of Land Management,BLM Utah,Moab Field Office,Moab Field Office,UT-BCR16-MO,FALSE,2022,2023-05-29,2023-06-20,1,1,3,3,40,31,4,67,12,9,59,16,7,UT-BCR16-MO: Bureau of Land Management - Moab Field Office,http://www.rmbo.org/new_site/adc/QueryWindow.aspx#N4IgzgLgTghhCuBbEAuABCAqgFQLQCEBhAJQEYA2XAWQHl194oBTGeNAewDM0AZGAOwAmaKgJgBzJoib8IaXCPYwARmgBiASyYAbYTU6cNAYyYgAvkA=
95,95,95,Bureau of Land Management,BLM Utah,Monticello Field Office,Monticello Field Office,UT-BCR16-MN,FALSE,2022,2023-05-20,2023-05-22,1,1,3,3,39,24,3,55,10,7,53,13,7,UT-BCR16-MN: Bureau of Land Management - Monticello Field Office,http://www.rmbo.org/new_site/adc/QueryWindow.aspx#N4IgzgLgTghhCuBbEAuABCAqgFQLQCEBhAJQEYA2XAWQDl194oBTGeNAewDM0AZGAOwAmaKgJgBzJoib8IaXCPayAlgGMmAGw3s0AMWWbhAeU6c1TEAF8gA=
96,96,96,Bureau of Land Management,BLM Utah,Price Field Office,Price Field Office,UT-BCR16-PR,FALSE,2022,2023-05-16,2023-07-03,1,1,3,3,28,35,2,90,16,10,84,9,10,UT-BCR16-PR: Bureau of Land Management - Price Field Office,http://www.rmbo.org/new_site/adc/QueryWindow.aspx#N4IgzgLgTghhCuBbEAuABCAqgFQLQCEBhAJQEYA2XABWPX3igFMZ40B7AMzQBkYA7ACZoAsvxgBzRokZ8IaXGipQAlgGNGaAGLLGAGyEB5DhzWMQAXyA
97,97,97,Bureau of Land Management,BLM Utah,Richfield Field Office,Richfield Field Office,UT-BLM - Richfield Field Office,TRUE,2022,2023-05-23,2023-06-27,2,1,5,5,48,31,4,74,6,14,82,10,14,,http://www.rmbo.org/new_site/adc/QueryWindow.aspx#N4IgzgrgDgpgTmALnAhoiBbEAuABCAVQBUBaAIQBkBZXE3AJQEsBjACwDNGYAbAE1wBiXPrgDy7TsxggAvkA
98,98,98,Bureau of Land Management,BLM Utah,Saint George Field Office,Saint George Field Office,UT-BLM - Saint George Field Office,TRUE,2022,2023-05-13,2023-05-18,3,1,6,6,68,72,11,92,24,15,92,28,15,,http://www.rmbo.org/new_site/adc/QueryWindow.aspx#N4IgzgrgDgpgTmALnAhoiBbEAuABCAVQBUBaAIQBkBZXE3AZRQEsA7RXAcRgHs4BzGLgBiTGABsAJrgDyAM1lMAxjBABfIA=
99,99,99,Bureau of Land Management,BLM Utah,Salt Lake Field Office,Salt Lake Field Office,UT-BLM - Salt Lake Field Office,TRUE,2022,2023-05-12,2023-06-30,3,1,10,10,111,45,8,108,14,21,101,13,19,,http://www.rmbo.org/new_site/adc/QueryWindow.aspx#N4IgzgrgDgpgTmALnAhoiBbEAuABCAVQBUBaAIQBkBZXE3AZRQBtFcKUBrGXAMQEsYTACa4A8gDNxfAMYwQAXyA=
100,100,100,Bureau of Land Management,BLM Utah,Vernal Field Office,Vernal Field Office,UT-BLM - Vernal Field Office,TRUE,2022,2023-05-12,2023-07-14,2,1,6,6,68,49,8,81,18,11,82,14,11,,http://www.rmbo.org/new_site/adc/QueryWindow.aspx#N4IgzgrgDgpgTmALnAhoiBbEAuABCAVQBUBaAIQBkBZXE3ANXgDsUAbXAMQEsZWATXAHkAZsK4BjGCAC+QA=
101,101,101,Bureau of Land Management,BLM Wyoming,BLM in Wyoming: Total,BLM in Wyoming: Total,WY-BLM,TRUE,2022,2023-05-24,2023-07-20,14,1,67,67,890,130,12,176,58,13,174,85,13,,http://www.rmbo.org/new_site/adc/QueryWindow.aspx#N4IgzgrgDgpgTmALnAhoiBbEAuABCAdQE0BaAIQBkBZEAXyA
102,102,102,Bureau of Land Management,BLM Wyoming,BLM in Wyoming BCR 16,BLM in Wyoming BCR 16,WY-BCR16-BL,FALSE,2022,2023-06-04,2023-06-09,1,1,2,2,17,37,6,87,14,3,85,19,4,WY-BCR16-BL: Bureau of Land Management,http://www.rmbo.org/new_site/adc/QueryWindow.aspx#N4IgzgLgTghhCuBbEAuABCA6gTQLQCEBhAJQEYA2AgGXX3igFMZ40B7AMzSpgDsATNAFleMAOYNEDHhBABfIA===
103,103,103,Bureau of Land Management,BLM Wyoming,BLM in Wyoming BCR 18,BLM in Wyoming BCR 18,WY-BCR18-BL,FALSE,2022,2023-05-25,2023-06-03,1,1,2,2,22,14,5,54,6,6,46,11,5,WY-BCR18-BL: Bureau of Land Management,http://www.rmbo.org/new_site/adc/QueryWindow.aspx#N4IgzgLgTghhCuBbEAuABCA6gTQLQCEBhAJQEYAOAgGXX3igFMZ40B7AMzSpgDsATNAFleMAOYNEDHhBABfIA===
104,104,104,Bureau of Land Management,BLM Wyoming,Buffalo Field Office,Buffalo Field Office,WY-BLM-Buffalo,TRUE,2022,2023-05-26,2023-07-19,2,1,5,5,70,52,1,110,22,7,105,32,7,,http://www.rmbo.org/new_site/adc/QueryWindow.aspx#N4IgzgrgDgpgTmALnAhoiBbEAuABCAdQE0BaAIQBkBZciAMzpQBsB7EAXyA=
105,105,105,Bureau of Land Management,BLM Wyoming,Casper Field Office,Casper Field Office,WY-BLM-Casper,TRUE,2022,2023-05-26,2023-06-19,2,1,6,6,88,51,4,99,17,7,92,23,7,,http://www.rmbo.org/new_site/adc/QueryWindow.aspx#N4IgzgrgDgpgTmALnAhoiBbEAuABCAdQE0BaAIQBkBZEgYRTFjhAF8g=
106,106,106,Bureau of Land Management,BLM Wyoming,Cody Field Office,Cody Field Office,WY-BCR10-CO,FALSE,2022,2023-05-26,2023-06-09,1,1,4,4,56,52,5,66,12,4,56,12,4,WY-BCR10-CO: Bureau of Land Management - Cody Field Office,http://www.rmbo.org/new_site/adc/QueryWindow.aspx#N4IgzgLgTghhCuBbEAuABCA6gTQLQCEBhAJQEYAGXQgeXX3igFMZ40B7AMzQBkYA7ACZoAsvxgBzRokZ8IaXGkJsBATzQAxAJaMANkOocOmgMaMQAXyA
107,107,107,Bureau of Land Management,BLM Wyoming,Kemmerer Field Office,Kemmerer Field Office,WY-BCR10-KE,FALSE,2022,2023-06-04,2023-07-07,1,1,5,5,73,47,8,52,10,6,45,11,6,WY-BCR10-KE: Bureau of Land Management - Kemmerer Field Office,http://www.rmbo.org/new_site/adc/QueryWindow.aspx#N4IgzgLgTghhCuBbEAuABCA6gTQLQCEBhAJQEYAGXAaQFF194oBTGeNAewDM0AZGAOwAmaALICYAcyaIm/CGlxoq0mcyhoAYgEsmAG2EB5Tpy0BjJiAC+QA=
108,108,108,Bureau of Land Management,BLM Wyoming,Lander Field Office,Lander Field Office,WY-BCR10-LA,FALSE,2022,2023-05-24,2023-07-08,1,1,7,7,97,51,10,86,26,8,82,23,8,WY-BCR10-LA: Bureau of Land Management - Lander Field Office,http://www.rmbo.org/new_site/adc/QueryWindow.aspx#N4IgzgLgTghhCuBbEAuABCA6gTQLQCEBhAJQEYAGXAGQEF194oBTGeNAewDM0qYA7ACZoAsvxgBzJoiZ8IaXD34CmUNADEAlkwA2QgPKdOGgMZMQAXyA
109,109,109,Bureau of Land Management,BLM Wyoming,Newcastle Field Office,Newcastle Field Office,WY-BCR17-NE,FALSE,2022,2023-05-24,2023-05-24,1,1,2,2,27,26,10,93,9,11,92,16,11,WY-BCR17-NE: Bureau of Land Management - Newcastle Field Office,http://www.rmbo.org/new_site/adc/QueryWindow.aspx#N4IgzgLgTghhCuBbEAuABCA6gTQLQCEBhAJQEYB2XAOQFF194oBTGeNAewDM0AZGAOwAmaALICYAcyaIm/CGlxoqTAO4BjGJAA2TNADEAlky3CA8p04G1TEAF8gA
110,110,110,Bureau of Land Management,BLM Wyoming,Pinedale Field Office,Pinedale Field Office,WY-BCR10-PI,FALSE,2022,2023-06-07,2023-07-13,1,1,8,8,105,46,5,95,20,6,97,16,6,WY-BCR10-PI: Bureau of Land Management - Pinedale Field Office,http://www.rmbo.org/new_site/adc/QueryWindow.aspx#N4IgzgLgTghhCuBbEAuABCA6gTQLQCEBhAJQEYAGXABQEl194oBTGeNAewDM0AZGAOwAmaALICYAcyaIm/CGlxoqAS35NBMADZM0AMWVNNwgPKdOygMZMQAXyA==
111,111,111,Bureau of Land Management,BLM Wyoming,Rawlins Field Office,Rawlins Field Office,WY-BCR10-RA,FALSE,2022,2023-05-26,2023-07-05,1,1,10,10,127,41,15,74,18,9,70,14,8,WY-BCR10-RA: Bureau of Land Management - Rawlins Field Office,http://www.rmbo.org/new_site/adc/QueryWindow.aspx#N4IgzgLgTghhCuBbEAuABCA6gTQLQCEBhAJQEYAGXYgQXX3igFMZ40B7AMzQBkYA7ACZoAsvxgBzRokZ8IaXGmIwA7gBsAlnzBoAYusaqhAeQ4d1AY0YgAvkA===
112,112,112,Bureau of Land Management,BLM Wyoming,Rock Springs Field Office,Rock Springs Field Office,WY-BCR10-RO,FALSE,2022,2023-06-01,2023-07-07,1,1,9,9,113,41,11,88,15,8,83,13,8,WY-BCR10-RO: Bureau of Land Management - Rock Springs Field Office,http://www.rmbo.org/new_site/adc/QueryWindow.aspx#N4IgzgLgTghhCuBbEAuABCA6gTQLQCEBhAJQEYAGXYgeXX3igFMZ40B7AMzQBkYA7ACZoAsvxgBzRokZ8IaXGmJsAxgGs0AZQAOUAJZ9xYNADFdjADZDqHDruWMQAXyA
113,113,113,Bureau of Land Management,BLM Wyoming,Worland Field Office,Worland Field Office,WY-BCR10-WO,FALSE,2022,2023-05-26,2023-07-20,1,1,7,7,95,54,8,84,21,8,80,20,8,WY-BCR10-WO: Bureau of Land Management - Worland Field Office,http://www.rmbo.org/new_site/adc/QueryWindow.aspx#N4IgzgLgTghhCuBbEAuABCA6gTQLQCEBhAJQEYAGXTAeXX3igFMZ40B7AMzQBkYA7ACZoAsvxgBzRokZ8IaXGkxsoAG35CAYgEtGKodQ4ctAY0YgAvkA
114,114,114,Department of Defense,DOD Lands in Colorado,DOD Lands in Colorado BCR 18,DOD Lands in Colorado BCR 18,CO-BCR18-DO,FALSE,2022,2023-05-25,2023-06-14,1,1,2,2,25,41,6,105,15,11,101,29,11,CO-BCR18-DO: Department of Defense,http://www.rmbo.org/new_site/adc/QueryWindow.aspx#N4IgzgLgTghhCuBbEAuABCAwgeQLQCFMAlARgA5cARbdSgUwAcYoJE6A7CNAewDM16vDmDogAvkA
115,115,115,Department of Defense,DOD Lands in Utah,DOD Lands in Utah BCR 9,DOD Lands in Utah BCR 9,UT-BCR9 Department of Defense lands,TRUE,2022,2023-05-17,2023-06-08,6,1,31,28,361,37,1,59,13,2,54,9,1,,http://www.rmbo.org/new_site/adc/QueryWindow.aspx#N4IgzgrgDgpgTmALnAhoiBbEAuABCAVQBUBaAIQGEAlATlwBEYoU5EMYA7RXAewDMGMPpzAxcAGxQcAJmBABfIA=
116,116,116,Department of Defense,DOD Lands in Utah,All Other DOD Lands in Utah BCR 9,All Other DOD Lands in Utah BCR 9,UT-BCR9-DD,FALSE,2022,2023-05-17,2023-06-08,1,1,6,5,73,24,0,48,12,0,46,7,0,UT-BCR9-DD: Department of Defense - Other Lands,http://www.rmbo.org/new_site/adc/QueryWindow.aspx#N4IgzgLgTghhCuBbEAuABCAqgFQLQCEBhAJQE5cARC9CgUwAcYoJFaA7CNAewDM06e7MLTS40AeQgALWlDQAZGGwAmYEAF8gA===
117,117,117,Department of Defense,DOD Lands in Utah,DOD Lands in Utah BCR 9 - Mudflats,DOD Lands in Utah BCR 9 - Mudflats,UT-BCR9-MU,FALSE,2022,2023-05-25,2023-06-06,1,1,2,2,16,1,0,2,1,0,1,1,0,UT-BCR9-MU: Department of Defense - Mudflats,http://www.rmbo.org/new_site/adc/QueryWindow.aspx#N4IgzgLgTghhCuBbEAuABCAqgFQLQCEBhAJQE5cBZTdAEQFMAHGKCROgOwjQHsAzNerw5g6aXGgrwAJrwA2cMCAC+QA=
118,118,118,Department of Defense,DOD Lands in Utah,DOD Lands in Utah BCR 9 – APG Impact Areas,DOD Lands in Utah BCR 9 - APG Impact Areas,UT-BCR9-AP,FALSE,2022,2023-05-19,2023-05-24,1,1,6,6,91,11,0,18,5,0,18,4,0,UT-BCR9-AP: Department of Defense - APG Impact Area,http://www.rmbo.org/new_site/adc/QueryWindow.aspx#N4IgzgLgTghhCuBbEAuABCAqgFQLQCEBhAJQE5cBBABXQBEBTABxigkXoDsI0B7AMzQM+nMPTS401AOJoAkomYBjbhSj0YIAL5A=
119,119,119,Department of Defense,DOD Lands in Utah,DOD Lands in Utah BCR 9 – Target S Impact Areas,DOD Lands in Utah BCR 9 - Target S Impact Areas,UT-BCR9-TS,FALSE,2022,2023-05-17,2023-05-23,1,1,6,6,96,12,0,19,7,1,16,6,0,UT-BCR9-TS: Department of Defense - Target S Impact Area,http://www.rmbo.org/new_site/adc/QueryWindow.aspx#N4IgzgLgTghhCuBbEAuABCAqgFQLQCEBhAJQE5dsBldAEQFMAHGKCROgOwjQHsAzNerw5g6aXGmzMA5nS6U0ASURMAxlwCCUOjBABfIA
120,120,120,Department of Defense,DOD Lands in Utah,DOD Lands in Utah BCR 9 – UTG Impact Areas,DOD Lands in Utah BCR 9 - UTG Impact Areas,UT-BCR9-UR,FALSE,2022,2023-05-25,2023-06-01,1,1,6,6,39,4,0,4,1,0,3,1,0,UT-BCR9-UR: Department of Defense - UTG Impact Area,http://www.rmbo.org/new_site/adc/QueryWindow.aspx#N4IgzgLgTghhCuBbEAuABCAqgFQLQCEBhAJQE5dNj0ARAUwAcYoJFaA7CNAewDM06e7MLTS40OAOJoAkokYBjTgEEotGCAC+QA==
121,121,121,Department of Defense,DOD Lands in Utah,DOD Lands in Utah BCR 9 – UTTR Impact Areas,DOD Lands in Utah BCR 9 - UTTR Impact Areas,UT-BCR9-UT,FALSE,2022,2023-05-25,2023-06-01,1,1,5,3,46,19,1,24,7,1,22,7,1,UT-BCR9-UT: Department of Defense - UTTR Impact Areas,http://www.rmbo.org/new_site/adc/QueryWindow.aspx#N4IgzgLgTghhCuBbEAuABCAqgFQLQCEBhAJQE5cd0ARAUwAcYoJEaA7CNAewDM1bu2YGmlxoc2YmgCSiBgGMOAQSg0YYEAF8gA==
122,122,122,Department of Defense,DOD Lands in Utah,DOD Lands in Wyoming BCR 18,DOD Lands in Wyoming BCR 18,WY-BCR18-DO,FALSE,2022,2023-05-31,2023-06-01,1,1,2,2,22,24,8,60,7,15,62,16,15,WY-BCR18-DO: Department of Defense,http://www.rmbo.org/new_site/adc/QueryWindow.aspx#N4IgzgLgTghhCuBbEAuABCA6gTQLQCEBhAJQEYAOXAEQHl0qBTABxigkQYDsI0B7AMzSN+XMAxABfIA=
123,123,123,National Park Service,Greater Yellowstone Network,Greater Yellowstone Network: Total,Greater Yellowstone Network: Total,NPS-Greater Yellowstone Network,TRUE,2022,2023-06-02,2023-07-18,3,1,8,7,101,74,0,127,36,0,125,37,0,,http://www.rmbo.org/new_site/adc/QueryWindow.aspx#N4IgzgrgDgpgTmALnAhoiBbEAuABCAOQAUBlAWgHE4Y15cBNGAGyYHsB3JVgOxlwJiJ2rOAGsQAXyA==
124,124,124,National Park Service,Greater Yellowstone Network,Bighorn Canyon National Recreation Area,Bighorn Canyon National Recreation Area,WY-BCR10-BH,FALSE,2022,2023-06-02,2023-06-03,1,1,2,2,25,27,7,66,7,0,60,15,0,WY-BCR10-BH: Bighorn Canyon National Recreation Area,http://www.rmbo.org/new_site/adc/QueryWindow.aspx#N4IgzgLgTghhCuBbEAuABCA6gTQLQCEBhAJQEYAGAgCXXwEsBzACwHsoA7NQmdgTxc4A5OHQEwANmmIBTAMZRpIgWgCCCmCAC+QA
125,125,125,National Park Service,Greater Yellowstone Network,Grand Teton National Park,Grand Teton National Park,WY-BCR10-GR,FALSE,2022,2023-06-08,2023-06-18,1,1,2,2,28,35,5,82,21,0,80,26,0,WY-BCR10-GR: Grand Teton National Park,http://www.rmbo.org/new_site/adc/QueryWindow.aspx#N4IgzgLgTghhCuBbEAuABCA6gTQLQCEBhAJQEYAGXAcWPStgDsATNAFQFMIB7BtAOTgBLHjAA2aAAowoAaxABfIA
126,126,126,National Park Service,Greater Yellowstone Network,Yellowstone National Park,Yellowstone National Park,WY-BCR10-YE,FALSE,2022,2023-07-02,2023-07-18,1,1,4,3,48,47,5,86,25,0,84,25,0,WY-BCR10-YE: Yellowstone National Park,http://www.rmbo.org/new_site/adc/QueryWindow.aspx#N4IgzgLgTghhCuBbEAuABCA6gTQLQCEBhAJQEYAGXbAUXWwFMAbRgewHdIWA7etAOTgBLbjEZoACjCgBrEAF8gA=
127,127,127,National Park Service,Northern Colorado Plateau Network,Northern Colorado Plateau Network in Colorado,Northern Colorado Plateau Network in Colorado,CO-BCR16-NC,FALSE,2022,2023-05-29,2023-06-26,1,1,2,2,13,25,3,74,8,0,73,23,0,CO-BCR16-NC: National Park Service - Northern Colorado Plateau Network,http://www.rmbo.org/new_site/adc/QueryWindow.aspx#N4IgzgLgTghhCuBbEAuABCAwgeQLQCFMAlARgDZcA5TdSuASwHsA7GAGzQAUYoBrNAMoBTKADd6AYyFpcaSoygQAFiOZpMjNgpgATRlzZwhMeHKEQA7gt4gAvkA=
128,128,128,National Park Service,Northern Great Plains Network,Agate Fossil Beds National Monument,Agate Fossil Beds National Monument,NE-BCR18-AF,FALSE,2022,2023-06-18,2023-06-20,1,1,4,4,43,57,14,91,22,0,81,30,0,NE-BCR18-AF: Agate Fossil Beds National Monument,http://www.rmbo.org/new_site/adc/QueryWindow.aspx#N4IgzgLgTghhCuBbEAuABCAcgUQLQCEBhAJQEYAOXAQQDF0qBzOAUzRoHswwBLAGzXzMAJmDSY43dgDsY/ALLSkzKRBABfIA
129,129,129,National Park Service,Northern Great Plains Network,Badlands National Park - North Unit,Badlands National Park - North Unit,SD-BCR17-BN,FALSE,2022,2023-05-25,2023-05-26,1,1,6,6,70,35,5,97,10,0,96,22,0,SD-BCR17-BN: Badlands National Park - North Unit,http://www.rmbo.org/new_site/adc/QueryWindow.aspx#N4IgzgLgTghhCuBbEAuABCAygEQLQCEBhAJQEYB2AgOXXxgBMAbGAO3rDSrgEsB7FmIzQAFGFADWaXJ15QIACzQBVFtwggAvkA==
130,130,130,National Park Service,Northern Great Plains Network,Jewel Cave National Monument,Jewel Cave National Monument,SD-BCR17-JC,FALSE,2022,2023-07-16,2023-07-18,1,1,4,4,38,44,3,86,17,0,80,29,0,SD-BCR17-JC: Jewel Cave National Monument,http://www.rmbo.org/new_site/adc/QueryWindow.aspx#N4IgzgLgTghhCuBbEAuABCAygEQLQCEBhAJQEYB2XAKUPSoFMB3egGzUJgDd60A5OAJYB7AHYw2AWVFJ6IiCAC+QA===
131,131,131,National Park Service,Northern Great Plains Network,Knife River Indian Villages National Historic Site,Knife River Indian Villages National Historic Site,ND-BCR17-KR,FALSE,2022,2023-06-15,2023-07-09,1,1,5,5,41,70,12,112,28,0,110,55,0,ND-BCR17-KR: Knife River Indian Villages National Historic Site,http://www.rmbo.org/new_site/adc/QueryWindow.aspx#N4IgzgLgTghhCuBbEAuABCAcgEQLQCEBhAJQEYB2XAaWPSoDsBLAMwFM1jGA3VqNASXoATRjHpoAaowA20mAHNWYNJjiMA9vRjS0ACUaR1URgGM0AZUYRWIAL5A=
132,132,132,National Park Service,Northern Great Plains Network,Missouri National Recreational River,Missouri National Recreational River,Missouri National Recreational River,TRUE,2022,2023-05-31,2023-06-18,2,2,12,12,92,97,0,121,46,0,116,75,0,,http://www.rmbo.org/new_site/adc/QueryWindow.aspx#N4IgzgrgDgpgTmALnAhoiBbEAuABCAWQEswwB7COI3AOTSLIDsUAbXAJRgGM4Z6nWHIgDd4IAL5A
133,133,133,National Park Service,Northern Great Plains Network,Mount Rushmore National Monument,Mount Rushmore National Monument,SD-BCR17-MR,FALSE,2022,2023-06-28,2023-07-15,1,1,6,6,60,43,2,77,23,0,72,33,0,SD-BCR17-MR: Mount Rushmore National Monument,http://www.rmbo.org/new_site/adc/QueryWindow.aspx#N4IgzgLgTghhCuBbEAuABCAygEQLQCEBhAJQEYB2XAWWPSoHt4A7CNY+MAC0XqgFM0AOTgBLekxgAbNAyZI+LEAF8gA=
134,134,134,National Park Service,Northern Great Plains Network,Scotts Bluff National Monument,Scotts Bluff National Monument,NE-BCR18-SB,FALSE,2022,2023-06-15,2023-06-18,1,1,4,4,42,40,6,74,15,0,72,27,0,NE-BCR18-SB: Scotts Bluff National Monument,http://www.rmbo.org/new_site/adc/QueryWindow.aspx#N4IgzgLgTghhCuBbEAuABCAcgUQLQCEBhAJQEYAOXAZX3SoGMB7CCMNfAG3gDNu1M4AS0YA7GBzQBZUUgCmIiCAC+QA=
135,135,135,National Park Service,Northern Great Plains Network,Theodore Roosevelt National Park,Theodore Roosevelt National Park,Theodore Roosevelt National Park,TRUE,2022,2023-06-08,2023-07-12,2,1,12,12,107,82,0,118,30,0,110,45,0,,http://www.rmbo.org/new_site/adc/QueryWindow.aspx#N4IgzgrgDgpgTmALnAhoiBbEAuABCAFQAsYB7AE1LhlwCVTSwYA3GAG0VwDk0BLUgHYo2uAAoo4AaxABfIA=
136,136,136,National Park Service,Northern Great Plains Network,Wind Cave National Park,Wind Cave National Park,SD-BCR17-WC,FALSE,2022,2023-06-19,2023-07-07,1,1,6,6,78,54,7,125,23,0,118,32,0,SD-BCR17-WC: Wind Cave National Park,http://www.rmbo.org/new_site/adc/QueryWindow.aspx#N4IgzgLgTghhCuBbEAuABCAygEQLQCEBhAJQEYB2XAdUPSoEsA7AEzUJgDcBTNAOTnoB7RjAA2aAAowoAaxABfIA
137,137,137,National Park Service,Rocky Mountain Network,Rocky Mountain Network in Colorado,Rocky Mountain Network in Colorado,CO-BCR16-RM,FALSE,2022,2023-07-06,2023-07-07,1,1,2,2,25,33,1,86,19,0,85,29,0,CO-BCR16-RM: National Park Service - Rocky Mountain Network,http://www.rmbo.org/new_site/adc/QueryWindow.aspx#N4IgzgLgTghhCuBbEAuABCAwgeQLQCFMAlARgDZciBZdAOTgEsB7AOxgBs0AFGKAazQBlAKZQAbgwDGwtLjREmkvgE80VJvBYQYDFmlrCIAdyb8QAXyA
138,138,138,National Park Service,Southern Colorado Plateau Network,Southern Colorado Plateau Network in Colorado,Southern Colorado Plateau Network in Colorado,CO-BCR16-SC,FALSE,2022,2023-06-23,2023-06-24,1,1,2,2,15,34,3,77,14,0,74,31,0,CO-BCR16-SC: National Park Service - Southern Colorado Plateau Network,http://www.rmbo.org/new_site/adc/QueryWindow.aspx#N4IgzgLgTghhCuBbEAuABCAwgeQLQCFMAlARgDZcBlTdAOTgEsB7AOxgBs0AFGKAazSUAplABuDAMZC0uQU3gQAFiJZpMTdk1gATJt3ZwhMeGlpCIAdy18QAXyA=
139,139,139,Tribal Lands,Wind River Tribal Lands,Wind River Tribal Lands in Wyoming BCR 10,Wind River Tribal Lands in Wyoming BCR 10,WY-BCR10-WR,FALSE,2022,2023-05-28,2023-06-15,1,1,4,4,47,52,9,89,17,17,84,24,17,WY-BCR10-WR: Wind River Reservation,http://www.rmbo.org/new_site/adc/QueryWindow.aspx#N4IgzgLgTghhCuBbEAuABCA6gTQLQCEBhAJQEYAGXTY9TASwDsATNYugNwFMpXOxv2cOgHsGIAL5A===
140,140,140,All Other Lands,All Other Lands Nebraska,All Other Lands in Nebraska BCR 17,All Other Lands in Nebraska BCR 17,NE-BCR17-ON,FALSE,2022,2023-06-04,2023-07-15,1,1,3,3,23,20,3,67,5,5,62,9,5,NE-BCR17-ON: All Other Lands,http://www.rmbo.org/new_site/adc/QueryWindow.aspx#N4IgzgLgTghhCuBbEAuABCAcgUQLQCEBhAJQEYB2XAeU3QEEAbBtKiACwFMo0AZGAOwAmYEAF8gA
141,141,141,All Other Lands,All Other Lands North Dakota,All Other Lands in North Dakota BCR 17,All Other Lands in North Dakota BCR 17,ND-BCR17-AT,FALSE,2022,2023-06-14,2023-07-15,1,1,8,8,56,77,21,82,28,16,82,37,17,ND-BCR17-AT: All Other Lands,http://www.rmbo.org/new_site/adc/QueryWindow.aspx#N4IgzgLgTghhCuBbEAuABCAcgEQLQCEBhAJQEYB2XAQQBV0qAbBtAeQgAsBTKNAGRgB2AEzAgAvkA===
142,142,142,All Other Lands,All Other Lands South Dakota,All Other Lands in South Dakota BCR 17,All Other Lands in South Dakota BCR 17,SD-BCR17-AT,FALSE,2022,2023-05-26,2023-07-15,1,1,12,13,134,66,16,86,21,11,79,26,10,SD-BCR17-AT: All Other Lands,http://www.rmbo.org/new_site/adc/QueryWindow.aspx#N4IgzgLgTghhCuBbEAuABCAygEQLQCEBhAJQEYB2XAQQBV0qAbBtAeQgAsBTKNAGRgB2AEzAgAvkA===
143,143,143,States,Colorado,Colorado Statewide: Total,Colorado Statewide: Total,CO,TRUE,2022,2023-05-16,2023-07-25,30,1,213,193,2032,202,38,237,107,46,238,156,46,,http://www.rmbo.org/new_site/adc/QueryWindow.aspx#N4IgzgrgDgpgTmALnAhoiBbEAuABCAYQHkQBfIA=
144,144,144,States,Colorado,All Other Lands in Colorado,All Other Lands in Colorado,CO-All Other,TRUE,2022,2023-05-16,2023-07-21,7,1,83,72,763,152,28,202,83,41,203,111,43,,http://www.rmbo.org/new_site/adc/QueryWindow.aspx#N4IgzgrgDgpgTmALnAhoiBbEAuABCAYQHkBaAQQBsLcjEALeEAXyA===
145,145,145,States,Colorado,Colorado BCR 10,Colorado BCR 10: Total,CO-BCR10,TRUE,2022,2023-05-18,2023-06-13,2,1,14,14,182,75,13,127,32,26,124,50,23,,http://www.rmbo.org/new_site/adc/QueryWindow.aspx#N4IgzgrgDgpgTmALnAhoiBbEAuABCAYQHkBaAIQICUBGABhAF8g=
146,146,146,States,Colorado,Colorado BCR 10,All Other Lands in Colorado BCR 10,CO-BCR10-AO,FALSE,2022,2023-05-21,2023-06-13,1,1,5,5,55,62,6,111,25,21,110,38,19,CO-BCR10-AO: All Other Lands,http://www.rmbo.org/new_site/adc/QueryWindow.aspx#N4IgzgLgTghhCuBbEAuABCAwgeQLQCFMAlARgAZcBBbdSgGzrWwgAsBTKNAGRgDsATMCAC+QA===
147,147,147,States,Colorado,Colorado BCR 16,Colorado BCR 16: Total,CO-BCR16,TRUE,2022,2023-05-17,2023-07-25,18,1,120,108,1050,153,24,200,86,35,198,123,35,,http://www.rmbo.org/new_site/adc/QueryWindow.aspx#N4IgzgrgDgpgTmALnAhoiBbEAuABCAYQHkBaAIQICUBGANhAF8g=
148,148,148,States,Colorado,Colorado BCR 16,All Other Lands in Colorado BCR 16,CO-BCR16-AO,FALSE,2022,2023-05-17,2023-07-21,1,1,25,22,190,116,16,178,64,33,174,86,33,CO-BCR16-AO: All Other Lands,http://www.rmbo.org/new_site/adc/QueryWindow.aspx#N4IgzgLgTghhCuBbEAuABCAwgeQLQCFMAlARgDZcBBbdSgGzrWwgAsBTKNAGRgDsATMCAC+QA===
149,149,149,States,Colorado,Colorado BCR 18,Colorado BCR 18: Total,CO-BCR18-All Other,TRUE,2022,2023-05-16,2023-06-15,5,1,53,45,518,84,14,132,32,23,131,49,22,,http://www.rmbo.org/new_site/adc/QueryWindow.aspx#N4IgzgrgDgpgTmALnAhoiBbEAuABCAYQHkBaAIQICUBGADhIEEAbJ3IxAC3hAF8g
150,150,150,States,Colorado,Colorado BCR 18,Colorado BCR 18 Rivers,CO-Rivers,TRUE,2022,2023-05-17,2023-06-22,2,1,11,11,101,90,7,176,35,25,172,72,24,,http://www.rmbo.org/new_site/adc/QueryWindow.aspx#N4IgzgrgDgpgTmALnAhoiBbEAuABCAYQHkBaAJQEsA3eMEAXyA==
151,151,151,States,Colorado,Colorado BCR 18,Non-river Lands in Colorado BCR 18,CO-BCR18-Nonrivers,TRUE,2022,2023-05-16,2023-06-15,8,1,68,60,699,108,16,166,44,28,164,59,27,,http://www.rmbo.org/new_site/adc/QueryWindow.aspx#N4IgzgrgDgpgTmALnAhoiBbEAuABCAYQHkBaAIQICUBGADhIDkB7AOzgEsA3eMEAXyA=
152,152,152,States,Montana,Montana Statewide: Total,Montana Statewide: Total,MT,TRUE,2022,2023-05-28,2023-07-15,30,1,159,156,1850,196,34,218,92,40,223,153,42,,http://www.rmbo.org/new_site/adc/QueryWindow.aspx#N4IgzgrgDgpgTmALnAhoiBbEAuABCAWQBUQBfIA=
153,153,153,States,Montana,All Other Lands in Montana,All Other Lands in Montana,MT-All Other,TRUE,2022,2023-06-02,2023-07-14,3,1,24,24,330,140,23,186,54,29,192,105,33,,http://www.rmbo.org/new_site/adc/QueryWindow.aspx#N4IgzgrgDgpgTmALnAhoiBbEAuABCAWQBUBaAQQBsLcB5RAC3hAF8g==
154,154,154,States,Montana,Montana BCR 10,Montana BCR 10: Total,MT-BCR10,TRUE,2022,2023-05-28,2023-07-15,21,1,102,99,1054,147,19,198,74,33,202,117,35,,http://www.rmbo.org/new_site/adc/QueryWindow.aspx#N4IgzgrgDgpgTmALnAhoiBbEAuABCAWQBUBaAIQGEAlARgAYQBfIA===
155,155,155,States,Montana,Montana BCR 10,All Other Lands in Montana BCR 10,MT-BCR10-ON,FALSE,2022,2023-06-03,2023-07-14,1,1,6,6,70,94,10,126,35,12,124,39,12,MT-BCR10-ON: All Other Lands,http://www.rmbo.org/new_site/adc/QueryWindow.aspx#N4IgzgLgTghhCuBbEAuABCAsgFQLQCEBhAJQEYAGXAeQDl0BBAG0bSogAsBTKNAGRgB2AEzAgAvkA===
156,156,156,States,Montana,Montana BCR 11,Montana BCR 11: Total,MT-BCR11,TRUE,2022,2023-05-29,2023-07-13,4,1,29,29,413,101,21,142,33,23,141,65,24,,http://www.rmbo.org/new_site/adc/QueryWindow.aspx#N4IgzgrgDgpgTmALnAhoiBbEAuABCAWQBUBaAIQGEAlARhpAF8g=
157,157,157,States,Montana,Montana BCR 11,All Other Lands in Montana BCR 11,MT-BCR11-AO,FALSE,2022,2023-06-11,2023-07-07,1,1,9,9,129,77,17,116,26,19,114,43,19,MT-BCR11-AO: All Other Lands,http://www.rmbo.org/new_site/adc/QueryWindow.aspx#N4IgzgLgTghhCuBbEAuABCAsgFQLQCEBhAJQEZTcBBAeXUoBt61qIALAUyjQBkYA7ACZgQAXyA==
158,158,158,States,Montana,Montana BCR 17,Montana BCR 17: Total,MT-BCR17,TRUE,2022,2023-06-01,2023-07-08,5,1,28,28,383,121,16,192,50,31,190,81,30,,http://www.rmbo.org/new_site/adc/QueryWindow.aspx#N4IgzgrgDgpgTmALnAhoiBbEAuABCAWQBUBaAIQGEAlARgHYQBfIA===
159,159,159,States,Montana,Montana BCR 17,All Other Lands in Montana BCR 17,MT-BCR17-AO,FALSE,2022,2023-06-02,2023-07-08,1,1,9,9,131,66,15,131,28,18,127,43,17,MT-BCR17-AO: All Other Lands,http://www.rmbo.org/new_site/adc/QueryWindow.aspx#N4IgzgLgTghhCuBbEAuABCAsgFQLQCEBhAJQEYB2XAQQHl0qAbBtGiACwFMo0AZGAOwAmYEAF8gA
160,160,160,States,Utah,Utah Statewide: Total,Utah Statewide: Total,UT,TRUE,2022,2023-05-02,2023-07-15,42,1,251,249,2815,187,13,214,93,14,220,135,15,,http://www.rmbo.org/new_site/adc/QueryWindow.aspx#N4IgzgrgDgpgTmALnAhoiBbEAuABCAVQBUQBfIA=
161,161,161,States,Utah,All Other Lands in Utah,All Other Lands in Utah,UT-All Other Lands,TRUE,2022,2023-05-02,2023-07-13,4,1,110,111,1272,161,8,192,85,12,195,98,12,,http://www.rmbo.org/new_site/adc/QueryWindow.aspx#N4IgzgrgDgpgTmALnAhoiBbEAuABCAVQBUBaAQQBsLcB5RAC3lwBkUA7AEzBAF8g
162,162,162,States,Utah,Utah BCR 9,Utah BCR 9: Total,UT-BCR9,TRUE,2022,2023-05-07,2023-07-14,17,1,101,99,1156,120,4,160,57,10,168,84,14,,http://www.rmbo.org/new_site/adc/QueryWindow.aspx#N4IgzgrgDgpgTmALnAhoiBbEAuABCAVQBUBaAIQGEAlAThAF8g==
163,163,163,States,Utah,Utah BCR 9,All Other Lands in Utah BCR 9,UT-BCR9-AO,FALSE,2022,2023-05-07,2023-06-28,1,1,40,41,471,85,2,134,45,7,132,51,7,UT-BCR9-AO: All Other Lands,http://www.rmbo.org/new_site/adc/QueryWindow.aspx#N4IgzgLgTghhCuBbEAuABCAqgFQLQCEBhAJQE5cBBAeXQoBs60qIALAUyjQBkYA7AEzAgAvkA===
164,164,164,States,Utah,Utah BCR 10,Utah BCR 10: Total,UT-BCR10,TRUE,2022,2023-05-21,2023-07-14,5,1,26,25,260,84,4,130,41,6,128,51,6,,http://www.rmbo.org/new_site/adc/QueryWindow.aspx#N4IgzgrgDgpgTmALnAhoiBbEAuABCAVQBUBaAIQGEAlARgAYQBfIA===
165,165,165,States,Utah,Utah BCR 10,All Other Lands in Utah BCR 10,UT-BCR10-AO,FALSE,2022,2023-05-21,2023-06-27,1,1,15,14,158,45,4,91,16,4,87,28,4,UT-BCR10-AO: All Other Lands,http://www.rmbo.org/new_site/adc/QueryWindow.aspx#N4IgzgLgTghhCuBbEAuABCAqgFQLQCEBhAJQEYAGXAQQHl0qAbBtGiACwFMo0AZGAOwAmYEAF8gA
166,166,166,States,Utah,Utah BCR 16,Utah BCR 16: Total,UT-BCR16,TRUE,2022,2023-05-07,2023-07-15,18,1,107,108,1191,146,6,188,81,9,185,116,9,,http://www.rmbo.org/new_site/adc/QueryWindow.aspx#N4IgzgrgDgpgTmALnAhoiBbEAuABCAVQBUBaAIQGEAlARgDYQBfIA===
167,167,167,States,Utah,Utah BCR 16,All Other Lands in Utah BCR 16,UT-BCR16-AO,FALSE,2022,2023-05-10,2023-07-13,1,1,40,41,461,112,3,159,72,8,156,67,8,UT-BCR16-AO: All Other Lands,http://www.rmbo.org/new_site/adc/QueryWindow.aspx#N4IgzgLgTghhCuBbEAuABCAqgFQLQCEBhAJQEYA2XAQQHl0qAbBtGiACwFMo0AZGAOwAmYEAF8gA
168,168,168,States,Utah,Utah BCR 33,Utah BCR 33: Total,UT-BCR33,TRUE,2022,2023-05-02,2023-05-21,2,1,17,17,208,101,3,112,24,3,114,28,3,,http://www.rmbo.org/new_site/adc/QueryWindow.aspx#N4IgzgrgDgpgTmALnAhoiBbEAuABCAVQBUBaAIQGEAlAZhpAF8g=
169,169,169,States,Utah,Utah BCR 33,All Other Lands in Utah BCR 33,UT-BCR33-AO,FALSE,2022,2023-05-02,2023-05-21,1,1,15,15,182,95,2,105,31,1,106,33,1,UT-BCR33-AO: All Other Lands,http://www.rmbo.org/new_site/adc/QueryWindow.aspx#N4IgzgLgTghhCuBbEAuABCAqgFQLQCEBhAJQGZTcBBAeXUoBt61qIALAUyjQBkYA7ACZgQAXyA==
170,170,170,States,Wyoming,Wyoming Statewide: Total,Wyoming Statewide: Total,WY,TRUE,2022,2023-05-24,2023-07-20,37,1,173,170,2173,190,44,217,94,61,222,143,61,,http://www.rmbo.org/new_site/adc/QueryWindow.aspx#N4IgzgrgDgpgTmALnAhoiBbEAuABCAdQE0QBfIA=
171,171,171,States,Wyoming,All Other Lands in Wyoming,All Other Lands in Wyoming,WY-All Other,TRUE,2022,2023-05-24,2023-06-24,4,1,44,42,464,141,28,192,57,50,192,88,50,,http://www.rmbo.org/new_site/adc/QueryWindow.aspx#N4IgzgrgDgpgTmALnAhoiBbEAuABCAdQE0BaAQQBsLcB5RAC3hAF8g==
172,172,172,States,Wyoming,Wyoming BCR 10,Wyoming BCR 10: Total,WY-BCR10,TRUE,2022,2023-05-24,2023-07-20,23,1,112,111,1470,171,40,201,83,55,203,123,54,,http://www.rmbo.org/new_site/adc/QueryWindow.aspx#N4IgzgrgDgpgTmALnAhoiBbEAuABCAdQE0BaAIQGEAlARgAYQBfIA===
173,173,173,States,Wyoming,Wyoming BCR 10,All Other Lands in Wyoming BCR 10,WY-BCR10-AO,FALSE,2022,2023-05-25,2023-06-24,1,1,15,15,158,107,22,164,40,36,161,56,36,WY-BCR10-AO: All Other Lands,http://www.rmbo.org/new_site/adc/QueryWindow.aspx#N4IgzgLgTghhCuBbEAuABCA6gTQLQCEBhAJQEYAGXAQQHl0qAbBtGiACwFMo0AZGAOwAmYEAF8gA
174,174,174,States,Wyoming,Wyoming BCR 16,Wyoming BCR 16: Total,WY-BCR16,TRUE,2022,2023-06-04,2023-07-15,4,1,14,14,150,89,13,164,36,37,159,65,36,,http://www.rmbo.org/new_site/adc/QueryWindow.aspx#N4IgzgrgDgpgTmALnAhoiBbEAuABCAdQE0BaAIQGEAlARgDYQBfIA===
175,175,175,States,Wyoming,Wyoming BCR 16,All Other Lands in Wyoming BCR 16,WY-BCR16-AO,FALSE,2022,2023-06-07,2023-06-23,1,1,5,5,42,52,9,114,14,22,107,22,21,WY-BCR16-AO: All Other Lands,http://www.rmbo.org/new_site/adc/QueryWindow.aspx#N4IgzgLgTghhCuBbEAuABCA6gTQLQCEBhAJQEYA2XAQQHl0qAbBtGiACwFMo0AZGAOwAmYEAF8gA
176,176,176,States,Wyoming,Wyoming BCR 17,Wyoming BCR 17: Total,WY-BCR17,TRUE,2022,2023-05-24,2023-06-22,6,1,29,28,357,110,23,175,41,43,176,58,42,,http://www.rmbo.org/new_site/adc/QueryWindow.aspx#N4IgzgrgDgpgTmALnAhoiBbEAuABCAdQE0BaAIQGEAlARgHYQBfIA===
177,177,177,States,Wyoming,Wyoming BCR 17,All Other Lands in Wyoming BCR 17,WY-BCR17-AO,FALSE,2022,2023-05-24,2023-06-16,1,1,12,11,132,90,20,145,33,31,141,45,28,WY-BCR17-AO: All Other Lands,http://www.rmbo.org/new_site/adc/QueryWindow.aspx#N4IgzgLgTghhCuBbEAuABCA6gTQLQCEBhAJQEYB2XAQQHl0qAbBtGiACwFMo0AZGAOwAmYEAF8gA
178,178,178,States,Wyoming,Wyoming BCR 18,Wyoming BCR 18: Total,WY-BCR18,TRUE,2022,2023-05-25,2023-06-16,3,1,16,15,176,63,12,111,21,28,109,30,27,,http://www.rmbo.org/new_site/adc/QueryWindow.aspx#N4IgzgrgDgpgTmALnAhoiBbEAuABCAdQE0BaAIQGEAlARgA4QBfIA===
179,179,179,States,Wyoming,Wyoming BCR 18,All Other Lands in Wyoming BCR 18,WY-BCR18-AO,FALSE,2022,2023-05-31,2023-06-16,1,1,12,11,132,54,17,104,21,25,100,29,24,WY-BCR18-AO: All Other Lands,http://www.rmbo.org/new_site/adc/QueryWindow.aspx#N4IgzgLgTghhCuBbEAuABCA6gTQLQCEBhAJQEYAOXAQQHl0qAbBtGiACwFMo0AZGAOwAmYEAF8gA
180,180,180,Bird Conservation Regions,Bird Conservation Regions,Bird Conservation Region 17,Bird Conservation Region 17,BCR17,TRUE,2022,2023-05-24,2023-07-18,30,5,157,158,1778,187,45,229,69,61,229,120,61,,http://www.rmbo.org/new_site/adc/QueryWindow.aspx#N4IgzgrgDgpgTmALnAhoiBbEAuABCAIQGEAlARgHYQBfIA==
