Species,Occupancy,Density,Observations,North Dakota  ,Colorado,Texas,Utah,Kansas,Wyoming  ,Nebraska,Arizona,Idaho,Oklahoma,South Dakota  ,Montana,New Mexico
"Ferruginous Hawk","1","1","56","Level I","Tier 2,Special Concern","S2B,S4N","S3B","Tier II","Tier II","Tier I","Tier 1B","Tier II","Tier III","3","S3B",""
"Great Gray Owl","0","0","1","","","","","","Tier II","","","Tier III","","","S3",""
"Black Tern","1","1","109","Level I","Tier 2","S3","","Tier II","Tier II","Tier I","","Tier II","","2a","S3B",""
"Common Ground-Dove","1","1","0","","","","","","","","","","","","","Species of Greatest Conservation Need,State Endangered"
"Dickcissel","1","1","1854","Level II","","S4B","","Tier II","Tier II","","","","","","",""
"Least Tern","1","1","7","Level II","State Endangered,Tier 2","S3B","","Tier I,State Endangered","","Tier I","Tier 1A","","Tier II","1,State Endangered","S1B","State Endangered,Species of Greatest Conservation Need"
"Peregrine Falcon","1","1","20","Level III","Special Concern,Tier 2","S3","S3B","Tier II","Tier II","Tier II","Tier 1A","","Tier III","1,State Endangered","S3","State Threatened,Species of Greatest Conservation Need"
"Common Loon","0","0","0","","","","","","Tier I","","","Tier II","","","S3B",""
"Gunnison Sage-Grouse","0","0","2","","Special Concern,Tier 1","","S2","","","","","","","","",""
"Long-billed Curlew","1","1","441","Level I","Special Concern,Tier 2","S3B,S5N","","Tier II","Tier II","Tier I","","Tier II","Tier II","2a","S3B","Species of Greatest Conservation Need"
"Common Black-Hawk","0","0","0","","","S2B","","","","","Tier 1C","","","","","Species of Greatest Conservation Need,State Threatened"
"Pygmy Nuthatch","1","1","22","","","","","","Tier II","Tier II","","","","","","Species of Greatest Conservation Need"
"Northern Pygmy-Owl","1","1","20","","","","S4B,S3","","Tier II","","Tier 1B,Tier 1C","","","","",""
"Canvasback","0","0","1","Level II","","","","Tier II","","Tier II","","","Tier III","","",""
"Stilt Sandpiper","0","0","0","","","S3","","Tier II","","","","","","","",""
"Baird's Sandpiper","0","0","0","","","","","Tier II","","","","","","","",""
"Red-eyed Vireo","1","1","4","","","","","","Tier II","","","","","","",""
"Brown Pelican","0","0","0","","","S3B","","","","","","","","","",""
"Abert's Towhee","1","1","3","","","","","","","","Tier 1B","","","","","State Threatened,Species of Greatest Conservation Need"
"Sandhill Crane","1","1","41","","Special Concern,Tier 1","","","","","Tier II","","Tier III","","","",""
"Wild Turkey","1","1","41","","","S5B","","","","","Tier 1B","","","","","Species of Greatest Conservation Need,State Threatened"
"Sage Thrasher","1","1","1943","","","","","","Tier II","","Tier 1C","Tier II","","","S3B",""
"Western Grebe","1","1","1","","","","","Tier II","Tier II","Tier II","Tier 1C","Tier II","","","",""
"Bank Swallow","1","1","0","","","","","","","","","","","","","Species of Greatest Conservation Need"
"Scaled Quail","1","1","29","","","S4B","","Tier II","","","Tier 1C","","Tier III","","",""
"Long-billed Dowitcher","0","0","0","","","","","Tier II","","","","","","","",""
"Spotted Owl","0","0","1","","Tier 2,State Threatened","S1B","S2","","","","Tier 1A","","","","","Species of Greatest Conservation Need"
"Vesper Sparrow","1","1","138","","","","","","","","","","","","","Species of Greatest Conservation Need"
"Spotted Towhee","1","1","1","","","","","Tier II","","","","","","","",""
"Chuck-will's-widow","0","0","1","","","S3S4B","","Tier II","","Tier II","","","","","",""
"Hudsonian Godwit","0","0","0","","","S2","","Tier II","","","","","Tier III","","",""
"Long-eared Owl","1","0","0","","","","","","","","Tier 1C","","","","",""
"Reddish Egret","0","0","0","","","S3B","","","","","","","","","",""
"Prothonotary Warbler","0","0","4","","","S3B","","Tier II","","Tier II","","","Tier II","","",""
"Cordilleran Flycatcher","1","1","74","","","","","","","Tier II","Tier 1C","","","","",""
"Grasshopper Sparrow","1","1","2445","Level I","Tier 2","S3B","","Tier II","Tier II","","Tier 1B","Tier III","","","","Species of Greatest Conservation Need,State Endangered"
"Mountain Plover","1","1","52","","Tier 1,Special Concern","S2","","Tier II","Tier I","Tier I","Tier 1B","","Tier I","","S2B","Species of Greatest Conservation Need"
"American Bittern","1","1","10","Level I","Tier 2","","S3N,S4B,S3","Tier II","Tier II","","Tier 1B","Tier II","","","S3B","Species of Greatest Conservation Need"
"Black Rail","0","0","0","","","S2B","","Tier II","","","Tier 1B","","Tier II","","",""
"Nelson's Sparrow","0","0","4","Level I","","","","","","","","","Tier III","","S3B",""
"Summer Tanager","1","1","60","","","S5B","","","","Tier II","Tier 1C","","","","",""
"Boreal Owl","0","0","0","","Tier 2","","S2","","Tier II","","","","","","","Species of Greatest Conservation Need,State Threatened"
"Upland Sandpiper","1","1","292","Level II","Tier 2","","","Tier II","Tier II","","","","Tier III","","",""
"Red-cockaded Woodpecker","0","0","0","","","S2B","","","","","","","Tier I","","",""
"White-tailed Ptarmigan","1","1","4","","Tier 1","","","","","","","","","","S3","Species of Greatest Conservation Need,State Endangered"
"Mountain Quail","1","1","7","","","","","","","","","Tier II","","","",""
"Marbled Godwit","1","1","98","Level I","","","","Tier II","","","","","","2a","",""
"Whooping Crane","0","0","0","Level III","Tier 2,State Endangered","S1","","Tier I,State Endangered","","Tier I","","","Tier III","1,State Endangered","S1M",""
"Least Bittern","0","0","0","","","S4B","","Tier II","","","Tier 1C","","","","",""
"Swallow-tailed Kite","0","0","0","","","S2B","","","","","","","Tier III","","",""
"Bald Eagle","1","1","42","Level II","Tier 2,Special Concern","S3B,S3N","S4N,S2B","Tier II","Tier II","Tier II","Tier 1A","","Tier III","1","","Species of Greatest Conservation Need,State Threatened"
"Olive-sided Flycatcher","1","1","162","","Tier 2","","S3,S4B","","","","Tier 1C","Tier III","","","","Species of Greatest Conservation Need"
"Lark Bunting","1","1","1939","Level I","Tier 2","","","Tier II","","","","","","2a","",""
"Brown-headed Nuthatch","0","0","0","","","","","","","","","","Tier II","","",""
"Tricolored Heron","0","0","0","","","S5B","","","","","","","","","",""
"Sagebrush Sparrow","1","1","1250","","Tier 2","","","","Tier II","","Tier 1C","Tier II","","","S3B","Species of Greatest Conservation Need"
"Cassin's Sparrow","1","1","2208","","Tier 2","S4B","","Tier II","","Tier II","Tier 1C","","Tier II","","","Species of Greatest Conservation Need"
"Thick-billed Longspur","1","1","744","Level III","Tier 2","S4","","Tier II","Tier II","Tier I","Tier 1C","","Tier II","","S3B","Species of Greatest Conservation Need"
"Golden Eagle","1","1","53","Level II","Tier 1","S3B","S4","Tier II","Tier II","Tier II","Tier 1B","Tier II","Tier III","","S3",""
"Piping Plover","0","0","1","Level II","Tier 2,State Threatened","S2","","State Threatened,Tier I","","Tier I","","","Tier III","State Threatened,1","S2B",""
"Montezuma Quail","1","1","5","","","S3B","","","","","Tier 1C","","","","",""
"Sharp-tailed Grouse","1","1","70","Level II","Tier 1,Special Concern,State Endangered","","S2","","Tier II","","","Tier II","","","S4,S1",""
"Yellow-billed Cuckoo","1","1","69","","Special Concern,Tier 1","S5B,S4","S2B","","Tier II","Tier II","Tier 1A","Tier I","","","S3B","Species of Greatest Conservation Need"
"Lucifer Hummingbird","0","0","0","","","","","","","","","","","","","Species of Greatest Conservation Need,State Threatened"
"Henslow's Sparrow","0","0","17","","","SXB,S3N,S2","","Tier II","","Tier I","","","Tier I","","",""
"Black-throated Gray Warbler","1","1","370","","","","","","Tier II","","Tier 1C","","","","","Species of Greatest Conservation Need"
"Painted Redstart","1","1","6","","","","","","","","Tier 1C","","","","","Species of Greatest Conservation Need"
"Ladder-backed Woodpecker","1","1","0","","","","","Tier II","","","","","","","",""
"Eastern Meadowlark","1","1","622","","","S5B","","Tier II","","Tier II","Tier 1C","","","","",""
"Caspian Tern","0","0","0","","","","S3B","","Tier II","","","Tier II","","","S2B",""
"Aplomado Falcon","0","0","0","","","S1","","","","","Tier 1A","","","","","Species of Greatest Conservation Need,State Endangered"
"American White Pelican","1","1","45","Level II","Tier 2","S2B,S3N","S3B","Tier II","Tier II","","","Tier II","","2b","S3B",""
"Lewis's Woodpecker","1","1","55","","Tier 2","","S3","","Tier II","Tier II","Tier 1C","Tier II","","3","S2B","Species of Greatest Conservation Need"
"Gray Vireo","1","1","459","","Tier 2","","","","Tier II","","Tier 1C","","","","","State Threatened,Species of Greatest Conservation Need"
"Bobolink","1","1","392","Level II","Tier 2","","","Tier II","Tier II","","","Tier II","","","S3B",""
"Smith's Longspur","0","0","0","","","S3","","Tier II","","","","","Tier II","","",""
"Virginia Rail","0","1","0","","","","","","Tier III","","Tier 1C","","","","",""
"Pinyon Jay","1","1","469","","Tier 2","","","","","Tier I","Tier 1B","Tier II","Tier III","","S3","Species of Greatest Conservation Need"
"Golden-cheeked Warbler","0","0","0","","","S2B","","","","","","","","","",""
"White-crowned Sparrow","1","1","0","","","","","","","","Tier 1C","","","","",""
"Bell's Vireo","1","1","168","","","S3B","","Tier II","","","Tier 1B","","Tier II","","","Species of Greatest Conservation Need,State Threatened"
"Harris's Sparrow","0","0","8","","","S4","","Tier II","","","","","Tier III","","",""
"Forster's Tern","1","1","11","","","S5","","Tier II","Tier II","Tier II","","","","","S3B",""
"Wood Duck","1","1","0","","","","","","","","Tier 1B","","","","",""
"Clark's Grebe","0","0","0","","","","","","Tier II","Tier II","Tier 1C","Tier II","","","S3B","Species of Greatest Conservation Need"
"Chestnut-collared Longspur","1","1","1495","Level I","Tier 2","","","Tier II","Tier II","Tier I","Tier 1C","","Tier II","2a","S2B","Species of Greatest Conservation Need"
"Western Kingbird","1","1","128","","","","","Tier II","","","","","","","",""
"Blue Grosbeak","1","1","0","","","","","","Tier III","","","","","","",""
"Swainson's Thrush","1","1","0","","","","","","","","Tier 1B","","","","",""
"American Avocet","1","1","2","Level II","","","","Tier II","","Tier II","","","","","",""
"Short-eared Owl","1","1","7","Level II","Tier 2","S4N","","Tier II","Tier II","Tier I","","Tier III","Tier III","","",""
"Franklin's Gull","1","1","8","Level I","","S2","","","Tier II","","","Tier III","","","S3B",""
"Yellow Rail","0","0","0","Level I","","","","Tier II","","","","","Tier III","","S3B",""
"Rufous-crowned Sparrow","1","1","11","","","S4B","","","","","","","","","",""
"Northern Harrier","1","1","128","Level II","Tier 2","S3N,S2B","","","","","","","","","",""
"Black Swift","0","0","0","","Tier 2","","S4N,S2B","","","","","Tier II","","","S1B","Species of Greatest Conservation Need"
"Brewer's Sparrow","1","1","7016","Level III","Tier 2","","","","Tier II","Tier I","Tier 1C","","","","S3B",""
"Mississippi Kite","1","1","23","","","S4B","","Tier II","","Tier II","Tier 1B","","","","",""
"American Woodcock","0","0","0","","","S2B,S3N","","","","Tier II","","","Tier III","","",""
"Burrowing Owl","1","1","93","Level II","State Threatened,Tier 1","S3B","S3B","Tier II","Tier I","","Tier 1B","Tier II","Tier II","3","S3B","Species of Greatest Conservation Need"
"Wood Thrush","1","1","8","","","S4B","","","","Tier I","","","Tier II","","",""
"Lesser Prairie-Chicken","1","1","13","","Tier 1,State Threatened","S2B","","Tier I","","","","","Tier II","","","Species of Greatest Conservation Need"
"Osprey","1","1","0","","","","","","","","","","","State Threatened,1","",""
"Acadian Flycatcher","0","0","0","","","","","","","Tier II","","","","","",""
"Neotropic Cormorant","0","0","0","","","","","","","","","","","","","State Threatened,Species of Greatest Conservation Need"
"Red Knot","0","0","0","Level III","","S3N","","","","","","","Tier III","","",""
"White-faced Ibis","1","1","14","","Tier 2","S4B","S2,S3B","","Tier II","","","Tier II","","","S3B",""
"Pectoral Sandpiper","0","0","0","","","","","Tier II","","","","","","","",""
"Trumpeter Swan","1","0","16","","","","","","Tier II","Tier II","","Tier II","Tier III","2b","S3",""
"Greater Sage-Grouse","1","1","31","Level I","Tier 1,Special Concern","","S3","","Tier II","","","Tier I","","3","S2",""
"Common Nighthawk","1","1","437","","","","","Tier II","Tier III","","Tier 1B","Tier III","","","","Species of Greatest Conservation Need"
"Varied Bunting","1","1","1","","","","","","","","Tier 1C","","","","","State Threatened,Species of Greatest Conservation Need"
"Wood Stork","0","0","0","","","S2N,SHB","","","","","","","Tier III","","",""
"Greater Prairie-Chicken","1","1","82","Level II","Tier 2","S1B","","Tier II","","Tier II","","","Tier III","2a","",""
"Loggerhead Shrike","1","1","522","Level II","Tier 2","S4B","","Tier II","Tier II","Tier I","","","Tier I","","S3B","Species of Greatest Conservation Need"
"Olive Warbler","1","0","5","","","","","","","","Tier 1C","","","","",""
"Flammulated Owl","0","0","1","","Tier 2","","S3,S4B","","Tier III","","Tier 1C","","","","S3B","Species of Greatest Conservation Need"
"American Golden-Plover","0","0","0","","","S3","","Tier II","","","","","Tier III","","",""
"Lazuli Bunting","1","1","273","","Tier 2","","","","","","Tier 1C","","","","",""
"Gila Woodpecker","1","1","30","","","","","","","","Tier 1B","","","","","State Threatened,Species of Greatest Conservation Need"
"White-tailed Hawk","0","0","0","","","S4B","","","","","","","","","",""
"Swainson's Hawk","1","1","99","Level I","Tier 2","S4B","","Tier II","Tier II","","Tier 1C","","Tier II","","",""
"Snowy Plover","1","0","0","","Special Concern,Tier 2","S3B","S3B","Tier I,State Threatened","Tier III","Tier II","Tier 1B","","Tier I","","","Species of Greatest Conservation Need"
"Eastern Wood-Pewee","1","1","85","","","","","Tier II","","","","","","","",""
"Northern Goshawk","1","1","8","","Tier 2","","","","Tier I","","Tier 1B","","","3","S3",""
"Botteri's Sparrow","1","1","8","","","S3B","","","","","Tier 1B","","","","","Species of Greatest Conservation Need"
"Williamson's Sapsucker","1","1","34","","","","","","Tier II","","Tier 1C","","","","","Species of Greatest Conservation Need"
"Red-shouldered Hawk","0","0","19","","","S4B","","","","Tier II","","","","","",""
"American Kestrel","1","1","76","Level II","","S4B","","","Tier III","","","","","","",""
"Sprague's Pipit","1","1","117","Level I","","S3N","","Tier II","","Tier I","Tier 1A","","Tier III","2a","S3B","Species of Greatest Conservation Need"
"Snowy Egret","0","0","1","","","S5B","","","Tier II","","Tier 1C","","Tier III","","",""
"Woodhouse's Scrub-Jay","1","1","224","","","","","","Tier II","","Tier 1C","","","","",""
"Little Blue Heron","0","0","1","","","S5B","","","","","","","Tier II","","",""
"Whiskered Screech-Owl","0","0","1","","","","","","","","Tier 1B","","","","","Species of Greatest Conservation Need,State Threatened"
"Chihuahuan Raven","1","1","0","","","","","Tier II","","","","","","","",""
"Black-capped Vireo","0","0","0","","","S2B","","","","","","","Tier I","","",""
"Northern Bobwhite","1","1","546","","Tier 2","S4B","","Tier II","","","Tier 1A","","Tier III","","",""
"Red Crossbill","1","1","387","","","","","","Tier II","","Tier 1C","","","","",""
"Ring-billed Gull","1","1","0","","","","","","","","","Tier III","","","",""
"Horned Grebe","0","0","0","Level I","","","","","","","","","","","S3B",""
"Blue-gray Gnatcatcher","1","1","72","","","","","","Tier III","","","","","","S2B",""
"Painted Bunting","1","1","185","","","S4B","","Tier II","","","","","Tier II","","",""
"Black-billed Cuckoo","1","1","4","Level I","","","","Tier II","Tier II","Tier I","","","","","S3B",""
"Baird's Sparrow","1","1","186","Level I","","S2","","Tier II","Tier II","Tier I","Tier 1C","","Tier III","2a","S3B","State Threatened,Species of Greatest Conservation Need"
"Northern Pintail","1","1","24","Level II","","S3B,S5N","","Tier II","","Tier II","","","Tier III","","",""
"Yellow-breasted Chat","1","1","0","","","","","","","","Tier 1C","","","","",""
"Buff-breasted Sandpiper","0","0","0","","","S2S3","","Tier II","","Tier I","","","Tier II","","",""
"Gray-crowned Rosy-Finch","0","0","0","","","","","","","","","","","","S2B,S5N",""
"Green Parakeet","0","0","0","","","S3","","","","","","","","","",""
"Pine Grosbeak","1","1","0","","","","","","","","Tier 1B","","","","",""
"Carolina Chickadee","1","1","34","","","S5B","","","","","","","","","",""
"Tufted Titmouse","1","1","0","","","","","","","Tier II","","","","","",""
"Le Conte's Sparrow","0","0","2","Level II","","S3","","","","","","","Tier II","3","S3B",""
"Gull-billed Tern","0","0","0","","","S4B","","","","","","","","","",""
"Black-and-white Warbler","1","1","9","","","","","","","Tier II","","","","","",""
"Savannah Sparrow","1","1","1","","","","","","","Tier II","Tier 1B","","","","",""
"Black Rosy-Finch","1","1","6","","Tier 2","","S1","","Tier II","","","Tier III","","","S2",""
"Greater Yellowlegs","0","0","0","","","","","Tier II","","","","","","","",""
"Baltimore Oriole","1","1","93","","","","","Tier II","","","","","","","",""
"Pine Siskin","1","1","0","","","","","","","Tier II","","","","","",""
"Bullock's Oriole","1","1","127","","","","","Tier II","","Tier II","Tier 1C","","Tier III","","",""
"Rufous Hummingbird","1","1","10","","Tier 2","","","","Tier II","","","","","","",""
"Western Sandpiper","0","0","0","","","S5","","","","","","","Tier III","","",""
"Veery","1","1","44","","Tier 2","","","","","","","","","","S3B",""
"Worm-eating Warbler","0","0","0","","","S3B","","","","","","","Tier II","","",""
"Mexican Whip-poor-will","0","0","1","","","","","","","","Tier 1C","","","","","Species of Greatest Conservation Need"
"Dark-eyed Junco (White-winged)","0","0","0","","","","","","","","","","","2b","",""
"Band-tailed Pigeon","1","1","23","","Tier 2","","S3B","","","","Tier 1C","","","","",""
"Pacific Wren","1","1","49","","","","","","","","Tier 1B","","","","S3",""
"Blue-winged Warbler","0","0","0","","","","","","","","","","Tier II","","",""
"Elf Owl","0","0","0","","","","","","","","Tier 1C","","","","","Species of Greatest Conservation Need"
"Barrow's Goldeneye","0","0","0","","Tier 2","","","","","","","","","","",""
"Cassia Crossbill","0","0","1","","","","","","","","","Tier II","","","",""
"Cassin's Finch","1","1","164","","Tier 2","","","","","","","","","","S3","Species of Greatest Conservation Need"
"Elegant Trogon","0","0","6","","","","","","","","Tier 1B","","","","","Species of Greatest Conservation Need,State Endangered"
"Black-tailed Gnatcatcher","1","1","5","","","","","","","","Tier 1C","","","","",""
"Wilson's Phalarope","1","1","30","Level I","","","","Tier II","","","","","Tier III","2b","",""
"Virginia's Warbler","1","1","262","","Tier 2","","","","Tier II","","Tier 1C","","","","","Species of Greatest Conservation Need"
"Marsh Wren","1","1","20","","","","","","","Tier II","Tier 1C","","","","",""
"Northern Saw-whet Owl","0","0","3","","","","","","","Tier II","Tier 1C","","","","",""
"Kentucky Warbler","0","0","30","","","S3B","","Tier II","","Tier II","","","Tier III","","",""
"Cassin's Kingbird","1","1","23","","","","","","","Tier II","","","","","",""
"Lucy's Warbler","1","1","126","","","","","","","","Tier 1C","","","","","Species of Greatest Conservation Need"
"Black-backed Woodpecker","1","1","14","","","","","","Tier II","","","","","3","S3",""
"Yellow-eyed Junco","1","1","18","","","","","","","","Tier 1B","","","","","State Threatened,Species of Greatest Conservation Need"
"Eastern Whip-poor-will","0","0","2","","","","","Tier II","","Tier II","","","Tier II","","",""
"Black-chinned Sparrow","1","1","83","","","","","","","","Tier 1C","","","","","Species of Greatest Conservation Need"
"Cattle Egret","1","1","0","","","","","","Tier II","","","","","","",""
"Orange-crowned Warbler","1","1","3","","","","","","","","Tier 1C","","","","",""
"Calliope Hummingbird","1","1","1","","","","","","Tier II","","","","","","",""
"Willow Flycatcher","1","1","23","","State Endangered,Tier 1","","S1B","","Tier III","","Tier 1A","","Tier III","","","Species of Greatest Conservation Need,State Endangered "
"Black-capped Gnatcatcher","0","0","0","","","","","","","","Tier 1B","","","","",""
"Rose-throated Becard","0","0","0","","","","","","","","Tier 1B","","","","",""
"Blue-throated Hummingbird","0","0","0","","","","","","","","Tier 1B","","","","",""
"Red-faced Warbler","1","1","44","","","","","","","","Tier 1C","","","","","Species of Greatest Conservation Need"
"Louisiana Waterthrush","0","0","5","","","S3B","","","","Tier II","","","Tier III","","",""
"Gray Flycatcher","1","1","285","","","","","","","","Tier 1C","","","","",""
"Mexican Chickadee","0","0","0","","","","","","","","Tier 1B","","","","",""
"MacGillivray's Warbler","1","1","194","","","","","","Tier II","","Tier 1B","","","","",""
"Red-headed Woodpecker","1","1","124","Level I","","S3B","","Tier II","Tier II","","","","Tier II","","S3B","Species of Greatest Conservation Need"
"Ruffed Grouse","1","1","1","","","","","","","","","","","3","",""
"Great Blue Heron","1","1","14","","","","","","Tier II","","","","","","S3",""
"Grace's Warbler","1","1","358","","Tier 2","","","","","","Tier 1C","","","","","Species of Greatest Conservation Need"
"Dark-eyed Junco","1","1","0","","","","","","","Tier II","","","","","",""
"Clark's Nutcracker","1","1","472","","","","","","Tier II","","","Tier III","","","S3","Species of Greatest Conservation Need"
"White-throated Swift","1","1","24","","","","","","","Tier II","Tier 1C","","","","",""
"Yellow-throated Warbler","0","0","2","","","S4B","","Tier II","","Tier II","","","","","",""
"Black-necked Stilt","1","0","0","","","","","Tier II","","Tier II","","","","","S3B",""
"Juniper Titmouse","1","1","468","","Tier 2","","","","Tier II","","Tier 1C","","Tier III","","","Species of Greatest Conservation Need"
"Cerulean Warbler","0","0","0","","","SHB,S3N","","Tier II","","","","","Tier II","","",""
"Pileated Woodpecker","1","1","57","","","S4B","","","","Tier II","","","","","S3",""
"Boreal Chickadee","1","0","0","","","","","","","","","","","","S3",""
"Bewick's Wren","1","1","164","","","S5B","","","Tier III","","","","","","",""
"Bendire's Thrasher","0","0","0","","","","SU","","","","Tier 1C","","","","","Species of Greatest Conservation Need"
"Scissor-tailed Flycatcher","1","1","84","","","S3B","","Tier II","","Tier II","","","","","",""
"Rusty Blackbird","0","0","0","","","S3","","Tier II","","","","","Tier III","","",""
"Purple Martin","1","1","198","","Tier 2","","","","Tier III","","Tier 1B,Tier 1C","","","","",""
"American Dipper","1","1","0","","","","","","","","Tier 1B","","","State Threatened,1","",""
"Brown Creeper","1","1","54","","","","","","","Tier II","","","","","S3",""
"Phainopepla","1","1","49","","","","","","","","Tier 1C","","","","",""
"Dusky Grouse","1","1","0","","","","","","","","Tier 1B","","","","",""
"Eared Grebe","1","1","0","","","","","Tier II","","","","","","","","Species of Greatest Conservation Need"
"Violet-crowned Hummingbird","0","0","0","","","","","","","","Tier 1B","","","","","Species of Greatest Conservation Need,State Threatened"
"Field Sparrow","1","1","32","","","S5B","","","","","","","","","",""
"Black Skimmer","0","0","0","","","S4B","","","","","","","","","",""
"Yellow-throated Vireo","1","1","5","","","","","","","Tier II","","","","","",""
"American Three-toed Woodpecker","1","1","0","","","","","","","","Tier 1C","","","3","",""
"Black-crowned Night-Heron","0","0","0","","","","","","Tier II","Tier II","","","","","S3B",""
"Scott's Oriole","1","1","74","","","","","","Tier II","","Tier 1C","","","","",""
"Lark Sparrow","1","1","357","","","S4B","","Tier II","","","","","","","",""
"Le Conte's Thrasher","0","0","0","","","","","","","","Tier 1B","","","","",""
"Prairie Falcon","1","1","16","Level II","Tier 2","","","","","Tier II","Tier 1C","","Tier III","","",""
"Magnificent Hummingbird","0","0","0","","","","","","","","Tier 1B","","","","",""
"Western Bluebird","1","1","32","","","","","","","","","","","","","Species of Greatest Conservation Need"
"Colima Warbler","0","0","0","","","S3B","","","","","","","","","",""
"Sedge Wren","1","1","0","","","S4","","","","","","","","","S3B",""
"American Pipit","1","1","34","","","","","","Tier III","","Tier 1C","","","","",""
"Bridled Titmouse","1","1","39","","","","","","","","Tier 1C","","","","",""
"Gilded Flicker","1","1","10","","","","","","","","Tier 1B","","","","",""
"Thick-billed Kingbird","0","0","0","","","","","","","","Tier 1B","","","","","State Endangered,Species of Greatest Conservation Need"
"Bachman's Sparrow","0","0","0","","","S3B","","","","","","","Tier I","","",""
"Canyon Wren","1","1","0","","","","","","Tier III","","","","","","",""
"American Tree Sparrow","0","0","0","","","","","Tier II","","","","","","","",""
"Black-bellied Plover","0","0","0","","","","","Tier II","","","","","","","",""
"Buff-breasted Flycatcher","0","0","0","","","","","","","","Tier 1B","","","","",""
"Common Yellowthroat","1","1","20","","","S5B","","","Tier III","","","","","","",""
"Green-tailed Towhee","1","1","44","","","","","","","","","","","","S3B",""
"Cinnamon Teal","1","1","0","","","","","","","Tier II","","","","","",""
"Great Egret","0","0","0","","","","","","","","Tier 1C","","","","",""
"Plumbeous Vireo","1","1","5","","","","","","","Tier II","","","","","",""
"Costa's Hummingbird","1","1","8","","","","","","","","Tier 1C","","","","","Species of Greatest Conservation Need,State Threatened"
"Bushtit","1","1","0","","","","","","Tier II","","","","","","",""
"Five-striped Sparrow","0","0","0","","","","","","","","Tier 1B","","","","",""
"Greater Pewee","0","0","6","","","","","","","","Tier 1C","","","","",""
"Evening Grosbeak","1","1","47","","","","","","","","Tier 1B","","","","S3","Species of Greatest Conservation Need"
"Golden-winged Warbler","0","0","0","","","","","","","","","","Tier III","","",""
"Mottled Duck","0","0","0","","","S4B","","","","","","","","","",""
"Dusky-capped Flycatcher","1","1","40","","","","","","","","Tier 1B","","","","",""
"Townsend's Solitaire","1","1","0","","","","","","","Tier II","","","","","",""
"Merlin","1","1","0","","","","","","Tier III","Tier II","","","","","",""
"Mexican Jay","1","1","78","","","","","","","","Tier 1C","","","","",""
"Eastern Kingbird","1","1","89","","","","","Tier II","","","","","","","",""
"Common Tern","0","0","1","","","","","","","","","","","","S3B",""
"King Rail","0","0","0","","","S3B","","","","Tier II","","","Tier III","","",""
"White-headed Woodpecker","1","1","0","","","","","","","","","Tier III","","","",""
"Brown-capped Rosy-Finch","1","1","6","","Tier 1","","","","Tier II","","","","","","","Species of Greatest Conservation Need"
"Golden-crowned Kinglet","1","1","1","","","","","","","","Tier 1C","","","","",""
"Varied Thrush","1","1","50","","","","","","","","","","","","S3B",""
"Swamp Sparrow","0","0","0","","","","","","","Tier II","","","","","",""
"American Wigeon","1","1","0","","","","","","","Tier II","","","","","",""
"Lesser Yellowlegs","0","0","0","","","","","Tier II","","","","","","","",""
"Curve-billed Thrasher","1","1","0","","","","","Tier II","","","","","","","",""
"Red-crowned Parrot","0","0","0","","","S2","","","","","","","","","",""
"Gray Hawk","1","1","0","","","S2B","","","","","","","","","",""
"Seaside Sparrow","0","0","0","","","S4B","","","","","","","","","",""
"White-rumped Sandpiper","0","0","2","","","","","Tier II","","","","","","","",""
"Red-naped Sapsucker","1","1","5","","","","","","","","Tier 1C","","","","",""
"Black-chinned Hummingbird","1","1","0","","","","","","Tier II","","","","","","",""
"Gray Catbird","1","1","0","","","","","","","","Tier 1B","","","","",""
"Willet","1","1","10","Level II","","","","","","","","","","2b","",""
"Golden-fronted Woodpecker","1","1","1","","","","","","","","","","Tier III","","",""
"Yellow Warbler","1","1","4","","","","","","","","Tier 1B","","","","",""
"Common Gallinule","0","0","0","","","","","","","","Tier 1C","","","","",""
"Lincoln's Sparrow","1","1","0","","","","","","","","Tier 1B","","","","",""
"Mountain Bluebird","1","1","44","","","","","","","","Tier 1C","","","","","Species of Greatest Conservation Need"
"Black-bellied Whistling-Duck","0","0","0","","","","","","","","Tier 1C","","","","",""
"Sora","1","1","0","","","","","","","","Tier 1C","","","","",""
"Lesser Scaup","1","1","8","Level II","","","","","","Tier II","","","Tier III","","",""
"Hooded Oriole","1","1","5","","","","","","","","Tier 1C","","","","",""
"Thick-billed Parrot","0","0","0","","","","","","","","Tier 1A","","","","",""
"Western Screech-Owl","0","0","0","","","","","","","","Tier 1C","","","","",""
"California Gull","1","1","2","","","","","","","","","Tier II","","","",""
"Rufous-winged Sparrow","1","1","66","","","","","","","","Tier 1B","","","","",""
"Common Poorwill","1","1","18","","","","","Tier II","","","Tier 1C","","","","",""
"Sulphur-bellied Flycatcher","0","0","0","","","","","","","","Tier 1B","","","","",""
"Ferruginous Pygmy-Owl","0","0","0","","","S3B","","","","","Tier 1B","","","","",""
"Sooty Tern","0","0","0","","","S2B","","","","","","","","","",""
"Zone-tailed Hawk","0","0","0","","","S3B","","","","","","","","","",""
"Black-billed Magpie","1","1","14","","","","","","","Tier I","Tier 1B","","","","",""
"Wilson's Plover","0","0","0","","","S4B","","","","","","","","","",""
"Hook-billed Kite","0","0","0","","","S2","","","","","","","","","",""
"Ruby-throated Hummingbird","1","0","1","","","","","","","Tier II","","","","","",""
"Alder Flycatcher","0","0","0","","","","","","","","","","","","S3B",""
"Violet-green Swallow","1","1","7","","","","","","","Tier II","","","","","",""
"Green Heron","0","1","2","","","S5B","","","","","","","","","",""
"Western Meadowlark","1","1","1496","Level II","","","","","","","","","","","",""
"Pied-billed Grebe","1","1","1","","","","","","","Tier II","","","","","",""
"Acorn Woodpecker","1","1","143","","","","","","","","Tier 1C","","","","",""
"Vermilion Flycatcher","1","1","13","","","","","","","","Tier 1C","","","","",""
"Canada Jay","1","1","0","","","","","","","","Tier 1B","","","","",""
"Dusky Flycatcher","1","1","43","","","","","","","","Tier 1C","","","","",""
"Eastern Bluebird","1","1","5","","","","","","","","Tier 1B","","","","",""
"Tropical Parula","0","0","0","","","S3B","","","","","","","","","",""
"American Oystercatcher","0","0","0","","","S3B","","","","","","","","","",""
"Least Sandpiper","0","0","1","","","","","Tier II","","","","","","","",""
"Ash-throated Flycatcher","1","1","30","","","","","","Tier II","","","","","","",""
"Semipalmated Sandpiper","0","0","1","","","","","Tier II","","","","","","","",""
"Hooded Warbler","0","0","0","","","","","","","","","","Tier II","","",""
"Orchard Oriole","1","1","1","","","S4B","","","","","","","","","",""
"Buff-collared Nightjar","0","0","0","","","","","","","","Tier 1B","","","","",""
"Swainson's Warbler","0","0","0","","","S3B","","","","","","","Tier II","","",""
"Prairie Warbler","0","0","0","","","","","","","","","","Tier II","","",""
"Brown-crested Flycatcher","1","1","24","","","","","","","","Tier 1C","","","","",""
"Solitary Sandpiper","1","0","1","","","","","","","","","","Tier III","","",""
